Workbook

Sheet README
A1: Performance (DV) data for Step 6, round 2
A2: What this is | B2: Outcome data for the 52 acts, following the measures Harrison et al. (2023) collected: each studio album's Billboard 200 peak and RIAA certification, the act's later Grammy nominations, its years active and its album counts. Best Ever Albums rankings and SecondHandSongs cover counts are left for Step 11.
A3: Sheets | B3: Acts: one row per act, every figure a formula over the other sheets. Albums: one row per original studio album, from the final events file. Grammy nominations: one row per nomination at the Best New Artist ceremony (other categories) or later. Breaks: each breakup and the reunion that ended it, used for years active.
A4: Reference point | B4: 'After the ceremony' means after the act's Best New Artist ceremony. Albums dated only to a month are placed on the 15th, and albums dated only to a year on 1 July, for this comparison.
A5: Billboard 200 peak | B5: The album's peak on the main US albums chart (the Billboard 200 and its earlier names), not genre charts. Blank means it did not chart. Mostly from the 'US' column of Wikipedia discography tables, which cite Billboard.
A6: RIAA certification | B6: The highest US certification (Gold = 0.5 million units, Platinum = 1 million, n× Platinum = n million, Diamond = 10 million). 'RIAA units' converts the level into millions. Mostly from Wikipedia discography tables, which cite the RIAA database.
A7: Released in the US? | B7: 'yes' if the album charted on the Billboard 200 or another US Billboard chart (R&B, country, gospel, jazz), was RIAA-certified, or a source states a US release; 'no' if a source states it was not released there (coded by the original release, not later reissues); 'unknown' if no source says either way, which is not evidence that it wasn't released. Harrison counted only US albums; use this column to apply that rule.
A8: Grammy nominations | B8: From each act's page on grammy.com (the Recording Academy). 'Later' means at a ceremony after the act's Best New Artist ceremony; nominations in other categories at the same ceremony are listed separately and not counted as later. For groups, only nominations credited to the group count, not members' solo ones.
A9: Years active | B9: The years in which the act was making new studio albums: from the year of its first studio album to the year of its last, counting both, minus the years between a breakup and the reunion that ended it (counted only when both fall inside that span). 'After the ceremony' starts the count at the ceremony year. Solo acts have no breakups in the events file, so long quiet spells between their albums are not subtracted.
A10: Judgement calls | B10: Nominations count when grammy.com credits them to the act, including shared songwriting and collaboration nominations (for example Sade's 2002 Female Pop Vocal nomination, credited to Sade). Where an act's grammy.com page would not open (Rick Astley, Soul II Soul, Jody Watley, Jennifer Holliday), Wikipedia's awards table was used; for Simply Red and the Pretenders, band members' grammy.com pages listing nominations credited to the band. Each album's and act's source and any doubts are in the Source and Note columns.
A11: Source of the album list | B11: events_final.txt (the final events dataset): original studio albums only, dated by their first release anywhere.
A12: Built | B12: 29 October 2026. Values entered from research are in the Albums and Grammy nominations sheets; everything in Acts and Breaks is calculated.

Sheet Acts
A1: act_id | B1: Act | C1: Solo or group | D1: Best New Artist ceremony | E1: Ceremony year | F1: Best New Artist result | G1: Studio albums (all) | H1: Studio albums after the ceremony | I1: Studio albums released in the US | J1: Albums charted on the Billboard 200 (all) | K1: Albums charted after the ceremony | L1: First album year | M1: Last album year | N1: Best Billboard 200 peak (all) | O1: Best Billboard 200 peak after the ceremony | P1: Top-40 albums after the ceremony | Q1: RIAA-certified albums (all) | R1: RIAA-certified albums after the ceremony | S1: RIAA units, millions (all) | T1: RIAA units, millions, after the ceremony | U1: Later Grammy nominations | V1: Later Grammy wins | W1: Other nominations at the same ceremony | X1: Years active (all) | Y1: Years active after the ceremony | Z1: Note
A2: act_032 | B2: a-ha | C2: Group | D2: 31468 | E2: =YEAR(D2) -> 1986 | F2: nominated | G2: =COUNTIFS(Albums!$B$2:$B$406,B2) -> 11 | H2: =COUNTIFS(Albums!$B$2:$B$406,B2,Albums!$H$2:$H$406,"yes") -> 10 | I2: =COUNTIFS(Albums!$B$2:$B$406,B2,Albums!$I$2:$I$406,"yes") -> 4 | J2: =COUNTIFS(Albums!$B$2:$B$406,B2,Albums!$J$2:$J$406,">0") -> 3 | K2: =COUNTIFS(Albums!$B$2:$B$406,B2,Albums!$H$2:$H$406,"yes",Albums!$J$2:$J$406,">0") -> 2 | L2: =IF(G2=0,"",_xlfn.MINIFS(Albums!$E$2:$E$406,Albums!$B$2:$B$406,B2)) -> 1985 | M2: =IF(G2=0,"",_xlfn.MAXIFS(Albums!$E$2:$E$406,Albums!$B$2:$B$406,B2)) -> 2022 | N2: =IF(J2=0,"",_xlfn.MINIFS(Albums!$J$2:$J$406,Albums!$B$2:$B$406,B2,Albums!$J$2:$J$406,">0")) -> 15 | O2: =IF(K2=0,"",_xlfn.MINIFS(Albums!$J$2:$J$406,Albums!$B$2:$B$406,B2,Albums!$H$2:$H$406,"yes",Albums!$J$2:$J$406,">0")) -> 74 | P2: =COUNTIFS(Albums!$B$2:$B$406,B2,Albums!$H$2:$H$406,"yes",Albums!$J$2:$J$406,">0",Albums!$J$2:$J$406,"<=40") -> 0 | Q2: =COUNTIFS(Albums!$B$2:$B$406,B2,Albums!$M$2:$M$406,">0") -> 1 | R2: =COUNTIFS(Albums!$B$2:$B$406,B2,Albums!$H$2:$H$406,"yes",Albums!$M$2:$M$406,">0") -> 0 | S2: =SUMIFS(Albums!$M$2:$M$406,Albums!$B$2:$B$406,B2) -> 1 | T2: =SUMIFS(Albums!$M$2:$M$406,Albums!$B$2:$B$406,B2,Albums!$H$2:$H$406,"yes") -> 0 | U2: =COUNTIFS('Grammy nominations'!$A$2:$A$189,B2,'Grammy nominations'!$F$2:$F$189,"later") -> 0 | V2: =COUNTIFS('Grammy nominations'!$A$2:$A$189,B2,'Grammy nominations'!$F$2:$F$189,"later",'Grammy nominations'!$E$2:$E$189,"won") -> 0 | W2: =COUNTIFS('Grammy nominations'!$A$2:$A$189,B2,'Grammy nominations'!$F$2:$F$189,"same ceremony") -> 0 | X2: =IF(G2=0,"",M2-L2+1-SUMIFS(Breaks!$H$2:$H$31,Breaks!$A$2:$A$31,B2)) -> 30 | Y2: =IF(G2=0,"",IF(M2<E2,0,M2-MAX(L2,E2)+1-SUMIFS(Breaks!$H$2:$H$31,Breaks!$A$2:$A$31,B2,Breaks!$C$2:$C$31,">="&E2))) -> 29 | Z2: grammy.com lists 1 nomination (Best New Artist 1986), 0 wins
A3: act_012 | B3: Adam and the Ants | C3: Group | D3: 30006 | E3: =YEAR(D3) -> 1982 | F3: nominated | G3: =COUNTIFS(Albums!$B$2:$B$406,B3) -> 3 | H3: =COUNTIFS(Albums!$B$2:$B$406,B3,Albums!$H$2:$H$406,"yes") -> 0 | I3: =COUNTIFS(Albums!$B$2:$B$406,B3,Albums!$I$2:$I$406,"yes") -> 3 | J3: =COUNTIFS(Albums!$B$2:$B$406,B3,Albums!$J$2:$J$406,">0") -> 2 | K3: =COUNTIFS(Albums!$B$2:$B$406,B3,Albums!$H$2:$H$406,"yes",Albums!$J$2:$J$406,">0") -> 0 | L3: =IF(G3=0,"",_xlfn.MINIFS(Albums!$E$2:$E$406,Albums!$B$2:$B$406,B3)) -> 1979 | M3: =IF(G3=0,"",_xlfn.MAXIFS(Albums!$E$2:$E$406,Albums!$B$2:$B$406,B3)) -> 1981 | N3: =IF(J3=0,"",_xlfn.MINIFS(Albums!$J$2:$J$406,Albums!$B$2:$B$406,B3,Albums!$J$2:$J$406,">0")) -> 44 | O3: =IF(K3=0,"",_xlfn.MINIFS(Albums!$J$2:$J$406,Albums!$B$2:$B$406,B3,Albums!$H$2:$H$406,"yes",Albums!$J$2:$J$406,">0")) | P3: =COUNTIFS(Albums!$B$2:$B$406,B3,Albums!$H$2:$H$406,"yes",Albums!$J$2:$J$406,">0",Albums!$J$2:$J$406,"<=40") -> 0 | Q3: =COUNTIFS(Albums!$B$2:$B$406,B3,Albums!$M$2:$M$406,">0") -> 1 | R3: =COUNTIFS(Albums!$B$2:$B$406,B3,Albums!$H$2:$H$406,"yes",Albums!$M$2:$M$406,">0") -> 0 | S3: =SUMIFS(Albums!$M$2:$M$406,Albums!$B$2:$B$406,B3) -> 0.5 | T3: =SUMIFS(Albums!$M$2:$M$406,Albums!$B$2:$B$406,B3,Albums!$H$2:$H$406,"yes") -> 0 | U3: =COUNTIFS('Grammy nominations'!$A$2:$A$189,B3,'Grammy nominations'!$F$2:$F$189,"later") -> 0 | V3: =COUNTIFS('Grammy nominations'!$A$2:$A$189,B3,'Grammy nominations'!$F$2:$F$189,"later",'Grammy nominations'!$E$2:$E$189,"won") -> 0 | W3: =COUNTIFS('Grammy nominations'!$A$2:$A$189,B3,'Grammy nominations'!$F$2:$F$189,"same ceremony") -> 0 | X3: =IF(G3=0,"",M3-L3+1-SUMIFS(Breaks!$H$2:$H$31,Breaks!$A$2:$A$31,B3)) -> 3 | Y3: =IF(G3=0,"",IF(M3<E3,0,M3-MAX(L3,E3)+1-SUMIFS(Breaks!$H$2:$H$31,Breaks!$A$2:$A$31,B3,Breaks!$C$2:$C$31,">="&E3))) -> 0 | Z3: grammy.com lists 1 nomination (Best New Artist 1982), 0 wins; Adam Ant solo page excluded; Wikipedia band page lists only the same BNA nomination
A4: act_009 | B4: Amy Holland | C4: Solo | D4: 29642 | E4: =YEAR(D4) -> 1981 | F4: nominated | G4: =COUNTIFS(Albums!$B$2:$B$406,B4) -> 4 | H4: =COUNTIFS(Albums!$B$2:$B$406,B4,Albums!$H$2:$H$406,"yes") -> 3 | I4: =COUNTIFS(Albums!$B$2:$B$406,B4,Albums!$I$2:$I$406,"yes") -> 1 | J4: =COUNTIFS(Albums!$B$2:$B$406,B4,Albums!$J$2:$J$406,">0") -> 1 | K4: =COUNTIFS(Albums!$B$2:$B$406,B4,Albums!$H$2:$H$406,"yes",Albums!$J$2:$J$406,">0") -> 0 | L4: =IF(G4=0,"",_xlfn.MINIFS(Albums!$E$2:$E$406,Albums!$B$2:$B$406,B4)) -> 1980 | M4: =IF(G4=0,"",_xlfn.MAXIFS(Albums!$E$2:$E$406,Albums!$B$2:$B$406,B4)) -> 2016 | N4: =IF(J4=0,"",_xlfn.MINIFS(Albums!$J$2:$J$406,Albums!$B$2:$B$406,B4,Albums!$J$2:$J$406,">0")) -> 146 | O4: =IF(K4=0,"",_xlfn.MINIFS(Albums!$J$2:$J$406,Albums!$B$2:$B$406,B4,Albums!$H$2:$H$406,"yes",Albums!$J$2:$J$406,">0")) | P4: =COUNTIFS(Albums!$B$2:$B$406,B4,Albums!$H$2:$H$406,"yes",Albums!$J$2:$J$406,">0",Albums!$J$2:$J$406,"<=40") -> 0 | Q4: =COUNTIFS(Albums!$B$2:$B$406,B4,Albums!$M$2:$M$406,">0") -> 0 | R4: =COUNTIFS(Albums!$B$2:$B$406,B4,Albums!$H$2:$H$406,"yes",Albums!$M$2:$M$406,">0") -> 0 | S4: =SUMIFS(Albums!$M$2:$M$406,Albums!$B$2:$B$406,B4) -> 0 | T4: =SUMIFS(Albums!$M$2:$M$406,Albums!$B$2:$B$406,B4,Albums!$H$2:$H$406,"yes") -> 0 | U4: =COUNTIFS('Grammy nominations'!$A$2:$A$189,B4,'Grammy nominations'!$F$2:$F$189,"later") -> 0 | V4: =COUNTIFS('Grammy nominations'!$A$2:$A$189,B4,'Grammy nominations'!$F$2:$F$189,"later",'Grammy nominations'!$E$2:$E$189,"won") -> 0 | W4: =COUNTIFS('Grammy nominations'!$A$2:$A$189,B4,'Grammy nominations'!$F$2:$F$189,"same ceremony") -> 0 | X4: =IF(G4=0,"",M4-L4+1-SUMIFS(Breaks!$H$2:$H$31,Breaks!$A$2:$A$31,B4)) -> 37 | Y4: =IF(G4=0,"",IF(M4<E4,0,M4-MAX(L4,E4)+1-SUMIFS(Breaks!$H$2:$H$31,Breaks!$A$2:$A$31,B4,Breaks!$C$2:$C$31,">="&E4))) -> 36 | Z4: grammy.com lists only the Best New Artist nomination (1981).
A5: act_017 | B5: Asia | C5: Group | D5: 30370 | E5: =YEAR(D5) -> 1983 | F5: nominated | G5: =COUNTIFS(Albums!$B$2:$B$406,B5) -> 12 | H5: =COUNTIFS(Albums!$B$2:$B$406,B5,Albums!$H$2:$H$406,"yes") -> 11 | I5: =COUNTIFS(Albums!$B$2:$B$406,B5,Albums!$I$2:$I$406,"yes") -> 9 | J5: =COUNTIFS(Albums!$B$2:$B$406,B5,Albums!$J$2:$J$406,">0") -> 6 | K5: =COUNTIFS(Albums!$B$2:$B$406,B5,Albums!$H$2:$H$406,"yes",Albums!$J$2:$J$406,">0") -> 5 | L5: =IF(G5=0,"",_xlfn.MINIFS(Albums!$E$2:$E$406,Albums!$B$2:$B$406,B5)) -> 1982 | M5: =IF(G5=0,"",_xlfn.MAXIFS(Albums!$E$2:$E$406,Albums!$B$2:$B$406,B5)) -> 2014 | N5: =IF(J5=0,"",_xlfn.MINIFS(Albums!$J$2:$J$406,Albums!$B$2:$B$406,B5,Albums!$J$2:$J$406,">0")) -> 1 | O5: =IF(K5=0,"",_xlfn.MINIFS(Albums!$J$2:$J$406,Albums!$B$2:$B$406,B5,Albums!$H$2:$H$406,"yes",Albums!$J$2:$J$406,">0")) -> 6 | P5: =COUNTIFS(Albums!$B$2:$B$406,B5,Albums!$H$2:$H$406,"yes",Albums!$J$2:$J$406,">0",Albums!$J$2:$J$406,"<=40") -> 1 | Q5: =COUNTIFS(Albums!$B$2:$B$406,B5,Albums!$M$2:$M$406,">0") -> 2 | R5: =COUNTIFS(Albums!$B$2:$B$406,B5,Albums!$H$2:$H$406,"yes",Albums!$M$2:$M$406,">0") -> 1 | S5: =SUMIFS(Albums!$M$2:$M$406,Albums!$B$2:$B$406,B5) -> 5 | T5: =SUMIFS(Albums!$M$2:$M$406,Albums!$B$2:$B$406,B5,Albums!$H$2:$H$406,"yes") -> 1 | U5: =COUNTIFS('Grammy nominations'!$A$2:$A$189,B5,'Grammy nominations'!$F$2:$F$189,"later") -> 0 | V5: =COUNTIFS('Grammy nominations'!$A$2:$A$189,B5,'Grammy nominations'!$F$2:$F$189,"later",'Grammy nominations'!$E$2:$E$189,"won") -> 0 | W5: =COUNTIFS('Grammy nominations'!$A$2:$A$189,B5,'Grammy nominations'!$F$2:$F$189,"same ceremony") -> 1 | X5: =IF(G5=0,"",M5-L5+1-SUMIFS(Breaks!$H$2:$H$31,Breaks!$A$2:$A$31,B5)) -> 31 | Y5: =IF(G5=0,"",IF(M5<E5,0,M5-MAX(L5,E5)+1-SUMIFS(Breaks!$H$2:$H$31,Breaks!$A$2:$A$31,B5,Breaks!$C$2:$C$31,">="&E5))) -> 30 | Z5: grammy.com shows 2 nominations, 0 wins, both at the 25th ceremony (1983).
A6: act_022 | B6: Big Country | C6: Group | D6: 30740 | E6: =YEAR(D6) -> 1984 | F6: nominated | G6: =COUNTIFS(Albums!$B$2:$B$406,B6) -> 9 | H6: =COUNTIFS(Albums!$B$2:$B$406,B6,Albums!$H$2:$H$406,"yes") -> 8 | I6: =COUNTIFS(Albums!$B$2:$B$406,B6,Albums!$I$2:$I$406,"yes") -> 6 | J6: =COUNTIFS(Albums!$B$2:$B$406,B6,Albums!$J$2:$J$406,">0") -> 4 | K6: =COUNTIFS(Albums!$B$2:$B$406,B6,Albums!$H$2:$H$406,"yes",Albums!$J$2:$J$406,">0") -> 3 | L6: =IF(G6=0,"",_xlfn.MINIFS(Albums!$E$2:$E$406,Albums!$B$2:$B$406,B6)) -> 1983 | M6: =IF(G6=0,"",_xlfn.MAXIFS(Albums!$E$2:$E$406,Albums!$B$2:$B$406,B6)) -> 2013 | N6: =IF(J6=0,"",_xlfn.MINIFS(Albums!$J$2:$J$406,Albums!$B$2:$B$406,B6,Albums!$J$2:$J$406,">0")) -> 18 | O6: =IF(K6=0,"",_xlfn.MINIFS(Albums!$J$2:$J$406,Albums!$B$2:$B$406,B6,Albums!$H$2:$H$406,"yes",Albums!$J$2:$J$406,">0")) -> 59 | P6: =COUNTIFS(Albums!$B$2:$B$406,B6,Albums!$H$2:$H$406,"yes",Albums!$J$2:$J$406,">0",Albums!$J$2:$J$406,"<=40") -> 0 | Q6: =COUNTIFS(Albums!$B$2:$B$406,B6,Albums!$M$2:$M$406,">0") -> 1 | R6: =COUNTIFS(Albums!$B$2:$B$406,B6,Albums!$H$2:$H$406,"yes",Albums!$M$2:$M$406,">0") -> 0 | S6: =SUMIFS(Albums!$M$2:$M$406,Albums!$B$2:$B$406,B6) -> 0.5 | T6: =SUMIFS(Albums!$M$2:$M$406,Albums!$B$2:$B$406,B6,Albums!$H$2:$H$406,"yes") -> 0 | U6: =COUNTIFS('Grammy nominations'!$A$2:$A$189,B6,'Grammy nominations'!$F$2:$F$189,"later") -> 0 | V6: =COUNTIFS('Grammy nominations'!$A$2:$A$189,B6,'Grammy nominations'!$F$2:$F$189,"later",'Grammy nominations'!$E$2:$E$189,"won") -> 0 | W6: =COUNTIFS('Grammy nominations'!$A$2:$A$189,B6,'Grammy nominations'!$F$2:$F$189,"same ceremony") -> 1 | X6: =IF(G6=0,"",M6-L6+1-SUMIFS(Breaks!$H$2:$H$31,Breaks!$A$2:$A$31,B6)) -> 23 | Y6: =IF(G6=0,"",IF(M6<E6,0,M6-MAX(L6,E6)+1-SUMIFS(Breaks!$H$2:$H$31,Breaks!$A$2:$A$31,B6,Breaks!$C$2:$C$31,">="&E6))) -> 22 | Z6: grammy.com lists 2 nominations, both at 1984 ceremony, 0 wins
A7: act_042 | B7: Breakfast Club | C7: Group | D7: 32204 | E7: =YEAR(D7) -> 1988 | F7: nominated | G7: =COUNTIFS(Albums!$B$2:$B$406,B7) -> 1 | H7: =COUNTIFS(Albums!$B$2:$B$406,B7,Albums!$H$2:$H$406,"yes") -> 0 | I7: =COUNTIFS(Albums!$B$2:$B$406,B7,Albums!$I$2:$I$406,"yes") -> 1 | J7: =COUNTIFS(Albums!$B$2:$B$406,B7,Albums!$J$2:$J$406,">0") -> 1 | K7: =COUNTIFS(Albums!$B$2:$B$406,B7,Albums!$H$2:$H$406,"yes",Albums!$J$2:$J$406,">0") -> 0 | L7: =IF(G7=0,"",_xlfn.MINIFS(Albums!$E$2:$E$406,Albums!$B$2:$B$406,B7)) -> 1987 | M7: =IF(G7=0,"",_xlfn.MAXIFS(Albums!$E$2:$E$406,Albums!$B$2:$B$406,B7)) -> 1987 | N7: =IF(J7=0,"",_xlfn.MINIFS(Albums!$J$2:$J$406,Albums!$B$2:$B$406,B7,Albums!$J$2:$J$406,">0")) -> 43 | O7: =IF(K7=0,"",_xlfn.MINIFS(Albums!$J$2:$J$406,Albums!$B$2:$B$406,B7,Albums!$H$2:$H$406,"yes",Albums!$J$2:$J$406,">0")) | P7: =COUNTIFS(Albums!$B$2:$B$406,B7,Albums!$H$2:$H$406,"yes",Albums!$J$2:$J$406,">0",Albums!$J$2:$J$406,"<=40") -> 0 | Q7: =COUNTIFS(Albums!$B$2:$B$406,B7,Albums!$M$2:$M$406,">0") -> 0 | R7: =COUNTIFS(Albums!$B$2:$B$406,B7,Albums!$H$2:$H$406,"yes",Albums!$M$2:$M$406,">0") -> 0 | S7: =SUMIFS(Albums!$M$2:$M$406,Albums!$B$2:$B$406,B7) -> 0 | T7: =SUMIFS(Albums!$M$2:$M$406,Albums!$B$2:$B$406,B7,Albums!$H$2:$H$406,"yes") -> 0 | U7: =COUNTIFS('Grammy nominations'!$A$2:$A$189,B7,'Grammy nominations'!$F$2:$F$189,"later") -> 0 | V7: =COUNTIFS('Grammy nominations'!$A$2:$A$189,B7,'Grammy nominations'!$F$2:$F$189,"later",'Grammy nominations'!$E$2:$E$189,"won") -> 0 | W7: =COUNTIFS('Grammy nominations'!$A$2:$A$189,B7,'Grammy nominations'!$F$2:$F$189,"same ceremony") -> 0 | X7: =IF(G7=0,"",M7-L7+1-SUMIFS(Breaks!$H$2:$H$31,Breaks!$A$2:$A$31,B7)) -> 1 | Y7: =IF(G7=0,"",IF(M7<E7,0,M7-MAX(L7,E7)+1-SUMIFS(Breaks!$H$2:$H$31,Breaks!$A$2:$A$31,B7,Breaks!$C$2:$C$31,">="&E7))) -> 0 | Z7: grammy.com lists a single entry: Best New Artist, 1988 (30th), nominated. 0 wins, 1 nomination.
A8: act_036 | B8: Bruce Hornsby and the Range | C8: Group | D8: 31832 | E8: =YEAR(D8) -> 1987 | F8: won | G8: =COUNTIFS(Albums!$B$2:$B$406,B8) -> 3 | H8: =COUNTIFS(Albums!$B$2:$B$406,B8,Albums!$H$2:$H$406,"yes") -> 2 | I8: =COUNTIFS(Albums!$B$2:$B$406,B8,Albums!$I$2:$I$406,"yes") -> 3 | J8: =COUNTIFS(Albums!$B$2:$B$406,B8,Albums!$J$2:$J$406,">0") -> 3 | K8: =COUNTIFS(Albums!$B$2:$B$406,B8,Albums!$H$2:$H$406,"yes",Albums!$J$2:$J$406,">0") -> 2 | L8: =IF(G8=0,"",_xlfn.MINIFS(Albums!$E$2:$E$406,Albums!$B$2:$B$406,B8)) -> 1986 | M8: =IF(G8=0,"",_xlfn.MAXIFS(Albums!$E$2:$E$406,Albums!$B$2:$B$406,B8)) -> 1990 | N8: =IF(J8=0,"",_xlfn.MINIFS(Albums!$J$2:$J$406,Albums!$B$2:$B$406,B8,Albums!$J$2:$J$406,">0")) -> 3 | O8: =IF(K8=0,"",_xlfn.MINIFS(Albums!$J$2:$J$406,Albums!$B$2:$B$406,B8,Albums!$H$2:$H$406,"yes",Albums!$J$2:$J$406,">0")) -> 5 | P8: =COUNTIFS(Albums!$B$2:$B$406,B8,Albums!$H$2:$H$406,"yes",Albums!$J$2:$J$406,">0",Albums!$J$2:$J$406,"<=40") -> 2 | Q8: =COUNTIFS(Albums!$B$2:$B$406,B8,Albums!$M$2:$M$406,">0") -> 3 | R8: =COUNTIFS(Albums!$B$2:$B$406,B8,Albums!$H$2:$H$406,"yes",Albums!$M$2:$M$406,">0") -> 2 | S8: =SUMIFS(Albums!$M$2:$M$406,Albums!$B$2:$B$406,B8) -> 4.5 | T8: =SUMIFS(Albums!$M$2:$M$406,Albums!$B$2:$B$406,B8,Albums!$H$2:$H$406,"yes") -> 1.5 | U8: =COUNTIFS('Grammy nominations'!$A$2:$A$189,B8,'Grammy nominations'!$F$2:$F$189,"later") -> 1 | V8: =COUNTIFS('Grammy nominations'!$A$2:$A$189,B8,'Grammy nominations'!$F$2:$F$189,"later",'Grammy nominations'!$E$2:$E$189,"won") -> 0 | W8: =COUNTIFS('Grammy nominations'!$A$2:$A$189,B8,'Grammy nominations'!$F$2:$F$189,"same ceremony") -> 0 | X8: =IF(G8=0,"",M8-L8+1-SUMIFS(Breaks!$H$2:$H$31,Breaks!$A$2:$A$31,B8)) -> 5 | Y8: =IF(G8=0,"",IF(M8<E8,0,M8-MAX(L8,E8)+1-SUMIFS(Breaks!$H$2:$H$31,Breaks!$A$2:$A$31,B8,Breaks!$C$2:$C$31,">="&E8))) -> 4 | Z8: grammy.com 'Bruce Hornsby And The Range' page shows 2 nominations / 1 win: 1987 Best New Artist (won) and 1991 Across The River. Bruce Hornsby solo nominations excluded per instructions.
A9: act_006 | B9: Christopher Cross | C9: Solo | D9: 29642 | E9: =YEAR(D9) -> 1981 | F9: won | G9: =COUNTIFS(Albums!$B$2:$B$406,B9) -> 11 | H9: =COUNTIFS(Albums!$B$2:$B$406,B9,Albums!$H$2:$H$406,"yes") -> 10 | I9: =COUNTIFS(Albums!$B$2:$B$406,B9,Albums!$I$2:$I$406,"yes") -> 5 | J9: =COUNTIFS(Albums!$B$2:$B$406,B9,Albums!$J$2:$J$406,">0") -> 3 | K9: =COUNTIFS(Albums!$B$2:$B$406,B9,Albums!$H$2:$H$406,"yes",Albums!$J$2:$J$406,">0") -> 2 | L9: =IF(G9=0,"",_xlfn.MINIFS(Albums!$E$2:$E$406,Albums!$B$2:$B$406,B9)) -> 1979 | M9: =IF(G9=0,"",_xlfn.MAXIFS(Albums!$E$2:$E$406,Albums!$B$2:$B$406,B9)) -> 2017 | N9: =IF(J9=0,"",_xlfn.MINIFS(Albums!$J$2:$J$406,Albums!$B$2:$B$406,B9,Albums!$J$2:$J$406,">0")) -> 6 | O9: =IF(K9=0,"",_xlfn.MINIFS(Albums!$J$2:$J$406,Albums!$B$2:$B$406,B9,Albums!$H$2:$H$406,"yes",Albums!$J$2:$J$406,">0")) -> 11 | P9: =COUNTIFS(Albums!$B$2:$B$406,B9,Albums!$H$2:$H$406,"yes",Albums!$J$2:$J$406,">0",Albums!$J$2:$J$406,"<=40") -> 1 | Q9: =COUNTIFS(Albums!$B$2:$B$406,B9,Albums!$M$2:$M$406,">0") -> 2 | R9: =COUNTIFS(Albums!$B$2:$B$406,B9,Albums!$H$2:$H$406,"yes",Albums!$M$2:$M$406,">0") -> 1 | S9: =SUMIFS(Albums!$M$2:$M$406,Albums!$B$2:$B$406,B9) -> 5.5 | T9: =SUMIFS(Albums!$M$2:$M$406,Albums!$B$2:$B$406,B9,Albums!$H$2:$H$406,"yes") -> 0.5 | U9: =COUNTIFS('Grammy nominations'!$A$2:$A$189,B9,'Grammy nominations'!$F$2:$F$189,"later") -> 3 | V9: =COUNTIFS('Grammy nominations'!$A$2:$A$189,B9,'Grammy nominations'!$F$2:$F$189,"later",'Grammy nominations'!$E$2:$E$189,"won") -> 0 | W9: =COUNTIFS('Grammy nominations'!$A$2:$A$189,B9,'Grammy nominations'!$F$2:$F$189,"same ceremony") -> 5 | X9: =IF(G9=0,"",M9-L9+1-SUMIFS(Breaks!$H$2:$H$31,Breaks!$A$2:$A$31,B9)) -> 39 | Y9: =IF(G9=0,"",IF(M9<E9,0,M9-MAX(L9,E9)+1-SUMIFS(Breaks!$H$2:$H$31,Breaks!$A$2:$A$31,B9,Breaks!$C$2:$C$31,">="&E9))) -> 37 | Z9: grammy.com: 5 wins, 9 nominations (incl. BNA 1981 win)
A10: act_029 | B10: Corey Hart | C10: Solo | D10: 31104 | E10: =YEAR(D10) -> 1985 | F10: nominated | G10: =COUNTIFS(Albums!$B$2:$B$406,B10) -> 8 | H10: =COUNTIFS(Albums!$B$2:$B$406,B10,Albums!$H$2:$H$406,"yes") -> 7 | I10: =COUNTIFS(Albums!$B$2:$B$406,B10,Albums!$I$2:$I$406,"yes") -> 5 | J10: =COUNTIFS(Albums!$B$2:$B$406,B10,Albums!$J$2:$J$406,">0") -> 5 | K10: =COUNTIFS(Albums!$B$2:$B$406,B10,Albums!$H$2:$H$406,"yes",Albums!$J$2:$J$406,">0") -> 4 | L10: =IF(G10=0,"",_xlfn.MINIFS(Albums!$E$2:$E$406,Albums!$B$2:$B$406,B10)) -> 1983 | M10: =IF(G10=0,"",_xlfn.MAXIFS(Albums!$E$2:$E$406,Albums!$B$2:$B$406,B10)) -> 1998 | N10: =IF(J10=0,"",_xlfn.MINIFS(Albums!$J$2:$J$406,Albums!$B$2:$B$406,B10,Albums!$J$2:$J$406,">0")) -> 20 | O10: =IF(K10=0,"",_xlfn.MINIFS(Albums!$J$2:$J$406,Albums!$B$2:$B$406,B10,Albums!$H$2:$H$406,"yes",Albums!$J$2:$J$406,">0")) -> 20 | P10: =COUNTIFS(Albums!$B$2:$B$406,B10,Albums!$H$2:$H$406,"yes",Albums!$J$2:$J$406,">0",Albums!$J$2:$J$406,"<=40") -> 1 | Q10: =COUNTIFS(Albums!$B$2:$B$406,B10,Albums!$M$2:$M$406,">0") -> 3 | R10: =COUNTIFS(Albums!$B$2:$B$406,B10,Albums!$H$2:$H$406,"yes",Albums!$M$2:$M$406,">0") -> 2 | S10: =SUMIFS(Albums!$M$2:$M$406,Albums!$B$2:$B$406,B10) -> 1.5 | T10: =SUMIFS(Albums!$M$2:$M$406,Albums!$B$2:$B$406,B10,Albums!$H$2:$H$406,"yes") -> 1 | U10: =COUNTIFS('Grammy nominations'!$A$2:$A$189,B10,'Grammy nominations'!$F$2:$F$189,"later") -> 0 | V10: =COUNTIFS('Grammy nominations'!$A$2:$A$189,B10,'Grammy nominations'!$F$2:$F$189,"later",'Grammy nominations'!$E$2:$E$189,"won") -> 0 | W10: =COUNTIFS('Grammy nominations'!$A$2:$A$189,B10,'Grammy nominations'!$F$2:$F$189,"same ceremony") -> 0 | X10: =IF(G10=0,"",M10-L10+1-SUMIFS(Breaks!$H$2:$H$31,Breaks!$A$2:$A$31,B10)) -> 16 | Y10: =IF(G10=0,"",IF(M10<E10,0,M10-MAX(L10,E10)+1-SUMIFS(Breaks!$H$2:$H$31,Breaks!$A$2:$A$31,B10,Breaks!$C$2:$C$31,">="&E10))) -> 14 | Z10: grammy.com shows 1 nomination (Best New Artist, 27th, 1985), 0 wins.
A11: act_021 | B11: Culture Club | C11: Group | D11: 30740 | E11: =YEAR(D11) -> 1984 | F11: won | G11: =COUNTIFS(Albums!$B$2:$B$406,B11) -> 6 | H11: =COUNTIFS(Albums!$B$2:$B$406,B11,Albums!$H$2:$H$406,"yes") -> 4 | I11: =COUNTIFS(Albums!$B$2:$B$406,B11,Albums!$I$2:$I$406,"yes") -> 4 | J11: =COUNTIFS(Albums!$B$2:$B$406,B11,Albums!$J$2:$J$406,">0") -> 4 | K11: =COUNTIFS(Albums!$B$2:$B$406,B11,Albums!$H$2:$H$406,"yes",Albums!$J$2:$J$406,">0") -> 2 | L11: =IF(G11=0,"",_xlfn.MINIFS(Albums!$E$2:$E$406,Albums!$B$2:$B$406,B11)) -> 1982 | M11: =IF(G11=0,"",_xlfn.MAXIFS(Albums!$E$2:$E$406,Albums!$B$2:$B$406,B11)) -> 2018 | N11: =IF(J11=0,"",_xlfn.MINIFS(Albums!$J$2:$J$406,Albums!$B$2:$B$406,B11,Albums!$J$2:$J$406,">0")) -> 2 | O11: =IF(K11=0,"",_xlfn.MINIFS(Albums!$J$2:$J$406,Albums!$B$2:$B$406,B11,Albums!$H$2:$H$406,"yes",Albums!$J$2:$J$406,">0")) -> 26 | P11: =COUNTIFS(Albums!$B$2:$B$406,B11,Albums!$H$2:$H$406,"yes",Albums!$J$2:$J$406,">0",Albums!$J$2:$J$406,"<=40") -> 2 | Q11: =COUNTIFS(Albums!$B$2:$B$406,B11,Albums!$M$2:$M$406,">0") -> 3 | R11: =COUNTIFS(Albums!$B$2:$B$406,B11,Albums!$H$2:$H$406,"yes",Albums!$M$2:$M$406,">0") -> 1 | S11: =SUMIFS(Albums!$M$2:$M$406,Albums!$B$2:$B$406,B11) -> 6 | T11: =SUMIFS(Albums!$M$2:$M$406,Albums!$B$2:$B$406,B11,Albums!$H$2:$H$406,"yes") -> 1 | U11: =COUNTIFS('Grammy nominations'!$A$2:$A$189,B11,'Grammy nominations'!$F$2:$F$189,"later") -> 0 | V11: =COUNTIFS('Grammy nominations'!$A$2:$A$189,B11,'Grammy nominations'!$F$2:$F$189,"later",'Grammy nominations'!$E$2:$E$189,"won") -> 0 | W11: =COUNTIFS('Grammy nominations'!$A$2:$A$189,B11,'Grammy nominations'!$F$2:$F$189,"same ceremony") -> 1 | X11: =IF(G11=0,"",M11-L11+1-SUMIFS(Breaks!$H$2:$H$31,Breaks!$A$2:$A$31,B11)) -> 15 | Y11: =IF(G11=0,"",IF(M11<E11,0,M11-MAX(L11,E11)+1-SUMIFS(Breaks!$H$2:$H$31,Breaks!$A$2:$A$31,B11,Breaks!$C$2:$C$31,">="&E11))) -> 13 | Z11: grammy.com shows 2 nominations / 1 win, both at the 1984 ceremony (Best New Artist won; Do You Really Want To Hurt Me nominated).
A12: act_043 | B12: Cutting Crew | C12: Group | D12: 32204 | E12: =YEAR(D12) -> 1988 | F12: nominated | G12: =COUNTIFS(Albums!$B$2:$B$406,B12) -> 5 | H12: =COUNTIFS(Albums!$B$2:$B$406,B12,Albums!$H$2:$H$406,"yes") -> 4 | I12: =COUNTIFS(Albums!$B$2:$B$406,B12,Albums!$I$2:$I$406,"yes") -> 2 | J12: =COUNTIFS(Albums!$B$2:$B$406,B12,Albums!$J$2:$J$406,">0") -> 2 | K12: =COUNTIFS(Albums!$B$2:$B$406,B12,Albums!$H$2:$H$406,"yes",Albums!$J$2:$J$406,">0") -> 1 | L12: =IF(G12=0,"",_xlfn.MINIFS(Albums!$E$2:$E$406,Albums!$B$2:$B$406,B12)) -> 1986 | M12: =IF(G12=0,"",_xlfn.MAXIFS(Albums!$E$2:$E$406,Albums!$B$2:$B$406,B12)) -> 2015 | N12: =IF(J12=0,"",_xlfn.MINIFS(Albums!$J$2:$J$406,Albums!$B$2:$B$406,B12,Albums!$J$2:$J$406,">0")) -> 16 | O12: =IF(K12=0,"",_xlfn.MINIFS(Albums!$J$2:$J$406,Albums!$B$2:$B$406,B12,Albums!$H$2:$H$406,"yes",Albums!$J$2:$J$406,">0")) -> 150 | P12: =COUNTIFS(Albums!$B$2:$B$406,B12,Albums!$H$2:$H$406,"yes",Albums!$J$2:$J$406,">0",Albums!$J$2:$J$406,"<=40") -> 0 | Q12: =COUNTIFS(Albums!$B$2:$B$406,B12,Albums!$M$2:$M$406,">0") -> 1 | R12: =COUNTIFS(Albums!$B$2:$B$406,B12,Albums!$H$2:$H$406,"yes",Albums!$M$2:$M$406,">0") -> 0 | S12: =SUMIFS(Albums!$M$2:$M$406,Albums!$B$2:$B$406,B12) -> 0.5 | T12: =SUMIFS(Albums!$M$2:$M$406,Albums!$B$2:$B$406,B12,Albums!$H$2:$H$406,"yes") -> 0 | U12: =COUNTIFS('Grammy nominations'!$A$2:$A$189,B12,'Grammy nominations'!$F$2:$F$189,"later") -> 0 | V12: =COUNTIFS('Grammy nominations'!$A$2:$A$189,B12,'Grammy nominations'!$F$2:$F$189,"later",'Grammy nominations'!$E$2:$E$189,"won") -> 0 | W12: =COUNTIFS('Grammy nominations'!$A$2:$A$189,B12,'Grammy nominations'!$F$2:$F$189,"same ceremony") -> 0 | X12: =IF(G12=0,"",M12-L12+1-SUMIFS(Breaks!$H$2:$H$31,Breaks!$A$2:$A$31,B12)) -> 30 | Y12: =IF(G12=0,"",IF(M12<E12,0,M12-MAX(L12,E12)+1-SUMIFS(Breaks!$H$2:$H$31,Breaks!$A$2:$A$31,B12,Breaks!$C$2:$C$31,">="&E12))) -> 28 | Z12: grammy.com lists 1 nomination (Best New Artist 1988), 0 wins; Wikipedia band page says one nomination (Best New Artist)
A13: act_026 | B13: Cyndi Lauper | C13: Solo | D13: 31104 | E13: =YEAR(D13) -> 1985 | F13: won | G13: =COUNTIFS(Albums!$B$2:$B$406,B13) -> 11 | H13: =COUNTIFS(Albums!$B$2:$B$406,B13,Albums!$H$2:$H$406,"yes") -> 10 | I13: =COUNTIFS(Albums!$B$2:$B$406,B13,Albums!$I$2:$I$406,"yes") -> 10 | J13: =COUNTIFS(Albums!$B$2:$B$406,B13,Albums!$J$2:$J$406,">0") -> 9 | K13: =COUNTIFS(Albums!$B$2:$B$406,B13,Albums!$H$2:$H$406,"yes",Albums!$J$2:$J$406,">0") -> 8 | L13: =IF(G13=0,"",_xlfn.MINIFS(Albums!$E$2:$E$406,Albums!$B$2:$B$406,B13)) -> 1983 | M13: =IF(G13=0,"",_xlfn.MAXIFS(Albums!$E$2:$E$406,Albums!$B$2:$B$406,B13)) -> 2016 | N13: =IF(J13=0,"",_xlfn.MINIFS(Albums!$J$2:$J$406,Albums!$B$2:$B$406,B13,Albums!$J$2:$J$406,">0")) -> 4 | O13: =IF(K13=0,"",_xlfn.MINIFS(Albums!$J$2:$J$406,Albums!$B$2:$B$406,B13,Albums!$H$2:$H$406,"yes",Albums!$J$2:$J$406,">0")) -> 4 | P13: =COUNTIFS(Albums!$B$2:$B$406,B13,Albums!$H$2:$H$406,"yes",Albums!$J$2:$J$406,">0",Albums!$J$2:$J$406,"<=40") -> 5 | Q13: =COUNTIFS(Albums!$B$2:$B$406,B13,Albums!$M$2:$M$406,">0") -> 2 | R13: =COUNTIFS(Albums!$B$2:$B$406,B13,Albums!$H$2:$H$406,"yes",Albums!$M$2:$M$406,">0") -> 1 | S13: =SUMIFS(Albums!$M$2:$M$406,Albums!$B$2:$B$406,B13) -> 9 | T13: =SUMIFS(Albums!$M$2:$M$406,Albums!$B$2:$B$406,B13,Albums!$H$2:$H$406,"yes") -> 2 | U13: =COUNTIFS('Grammy nominations'!$A$2:$A$189,B13,'Grammy nominations'!$F$2:$F$189,"later") -> 11 | V13: =COUNTIFS('Grammy nominations'!$A$2:$A$189,B13,'Grammy nominations'!$F$2:$F$189,"later",'Grammy nominations'!$E$2:$E$189,"won") -> 1 | W13: =COUNTIFS('Grammy nominations'!$A$2:$A$189,B13,'Grammy nominations'!$F$2:$F$189,"same ceremony") -> 4 | X13: =IF(G13=0,"",M13-L13+1-SUMIFS(Breaks!$H$2:$H$31,Breaks!$A$2:$A$31,B13)) -> 34 | Y13: =IF(G13=0,"",IF(M13<E13,0,M13-MAX(L13,E13)+1-SUMIFS(Breaks!$H$2:$H$31,Breaks!$A$2:$A$31,B13,Breaks!$C$2:$C$31,">="&E13))) -> 32 | Z13: grammy.com shows 16 nominations, 2 wins (Best New Artist 1985 and Best Musical Theater Album 2014 for Kinky Boots); the 2017 Kinky Boots entry is labelled Nominee on grammy.com. The 2005 arrangement nomination is listed on her grammy.com page although the category honours the arranger.
... A40: act_031 | B40: Sade | C40: Group | D40: 31468 | E40: =YEAR(D40) -> 1986 | F40: won | G40: =COUNTIFS(Albums!$B$2:$B$406,B40) -> 6 | H40: =COUNTIFS(Albums!$B$2:$B$406,B40,Albums!$H$2:$H$406,"yes") -> 4 | I40: =COUNTIFS(Albums!$B$2:$B$406,B40,Albums!$I$2:$I$406,"yes") -> 6 | J40: =COUNTIFS(Albums!$B$2:$B$406,B40,Albums!$J$2:$J$406,">0") -> 6 | K40: =COUNTIFS(Albums!$B$2:$B$406,B40,Albums!$H$2:$H$406,"yes",Albums!$J$2:$J$406,">0") -> 4 | L40: =IF(G40=0,"",_xlfn.MINIFS(Albums!$E$2:$E$406,Albums!$B$2:$B$406,B40)) -> 1984 | M40: =IF(G40=0,"",_xlfn.MAXIFS(Albums!$E$2:$E$406,Albums!$B$2:$B$406,B40)) -> 2010 | N40: =IF(J40=0,"",_xlfn.MINIFS(Albums!$J$2:$J$406,Albums!$B$2:$B$406,B40,Albums!$J$2:$J$406,">0")) -> 1 | O40: =IF(K40=0,"",_xlfn.MINIFS(Albums!$J$2:$J$406,Albums!$B$2:$B$406,B40,Albums!$H$2:$H$406,"yes",Albums!$J$2:$J$406,">0")) -> 1 | P40: =COUNTIFS(Albums!$B$2:$B$406,B40,Albums!$H$2:$H$406,"yes",Albums!$J$2:$J$406,">0",Albums!$J$2:$J$406,"<=40") -> 4 | Q40: =COUNTIFS(Albums!$B$2:$B$406,B40,Albums!$M$2:$M$406,">0") -> 6 | R40: =COUNTIFS(Albums!$B$2:$B$406,B40,Albums!$H$2:$H$406,"yes",Albums!$M$2:$M$406,">0") -> 4 | S40: =SUMIFS(Albums!$M$2:$M$406,Albums!$B$2:$B$406,B40) -> 19 | T40: =SUMIFS(Albums!$M$2:$M$406,Albums!$B$2:$B$406,B40,Albums!$H$2:$H$406,"yes") -> 11 | U40: =COUNTIFS('Grammy nominations'!$A$2:$A$189,B40,'Grammy nominations'!$F$2:$F$189,"later") -> 8 | V40: =COUNTIFS('Grammy nominations'!$A$2:$A$189,B40,'Grammy nominations'!$F$2:$F$189,"later",'Grammy nominations'!$E$2:$E$189,"won") -> 3 | W40: =COUNTIFS('Grammy nominations'!$A$2:$A$189,B40,'Grammy nominations'!$F$2:$F$189,"same ceremony") -> 0 | X40: =IF(G40=0,"",M40-L40+1-SUMIFS(Breaks!$H$2:$H$31,Breaks!$A$2:$A$31,B40)) -> 27 | Y40: =IF(G40=0,"",IF(M40<E40,0,M40-MAX(L40,E40)+1-SUMIFS(Breaks!$H$2:$H$31,Breaks!$A$2:$A$31,B40,Breaks!$C$2:$C$31,">="&E40))) -> 25 | Z40: grammy.com 'Sade' act page (8051): 9 entries, 4 wins, Best New Artist 1986 won. The 2002 Best Female Pop Vocal Performance ('By Your Side') is a female solo category but grammy.com credits it to 'Sade' on this act page, so it is kept; drop it if a strict group-only count is wanted. Excluded: 2026 Best Music Video nomination for 'Young Lion', which grammy.com credits to 'Sade Adu' (the singer, solo), per https://www.grammy.com/awards/categories/best-music-video/2026/ and https://www.grammy.com/artists/sade-adu/1247.
A41: act_011 | B41: Sheena Easton | C41: Solo | D41: 30006 | E41: =YEAR(D41) -> 1982 | F41: won | G41: =COUNTIFS(Albums!$B$2:$B$406,B41) -> 14 | H41: =COUNTIFS(Albums!$B$2:$B$406,B41,Albums!$H$2:$H$406,"yes") -> 12 | I41: =COUNTIFS(Albums!$B$2:$B$406,B41,Albums!$I$2:$I$406,"yes") -> 8 | J41: =COUNTIFS(Albums!$B$2:$B$406,B41,Albums!$J$2:$J$406,">0") -> 8 | K41: =COUNTIFS(Albums!$B$2:$B$406,B41,Albums!$H$2:$H$406,"yes",Albums!$J$2:$J$406,">0") -> 6 | L41: =IF(G41=0,"",_xlfn.MINIFS(Albums!$E$2:$E$406,Albums!$B$2:$B$406,B41)) -> 1981 | M41: =IF(G41=0,"",_xlfn.MAXIFS(Albums!$E$2:$E$406,Albums!$B$2:$B$406,B41)) -> 2000 | N41: =IF(J41=0,"",_xlfn.MINIFS(Albums!$J$2:$J$406,Albums!$B$2:$B$406,B41,Albums!$J$2:$J$406,">0")) -> 15 | O41: =IF(K41=0,"",_xlfn.MINIFS(Albums!$J$2:$J$406,Albums!$B$2:$B$406,B41,Albums!$H$2:$H$406,"yes",Albums!$J$2:$J$406,">0")) -> 15 | P41: =COUNTIFS(Albums!$B$2:$B$406,B41,Albums!$H$2:$H$406,"yes",Albums!$J$2:$J$406,">0",Albums!$J$2:$J$406,"<=40") -> 3 | Q41: =COUNTIFS(Albums!$B$2:$B$406,B41,Albums!$M$2:$M$406,">0") -> 5 | R41: =COUNTIFS(Albums!$B$2:$B$406,B41,Albums!$H$2:$H$406,"yes",Albums!$M$2:$M$406,">0") -> 3 | S41: =SUMIFS(Albums!$M$2:$M$406,Albums!$B$2:$B$406,B41) -> 3 | T41: =SUMIFS(Albums!$M$2:$M$406,Albums!$B$2:$B$406,B41,Albums!$H$2:$H$406,"yes") -> 2 | U41: =COUNTIFS('Grammy nominations'!$A$2:$A$189,B41,'Grammy nominations'!$F$2:$F$189,"later") -> 4 | V41: =COUNTIFS('Grammy nominations'!$A$2:$A$189,B41,'Grammy nominations'!$F$2:$F$189,"later",'Grammy nominations'!$E$2:$E$189,"won") -> 1 | W41: =COUNTIFS('Grammy nominations'!$A$2:$A$189,B41,'Grammy nominations'!$F$2:$F$189,"same ceremony") -> 1 | X41: =IF(G41=0,"",M41-L41+1-SUMIFS(Breaks!$H$2:$H$31,Breaks!$A$2:$A$31,B41)) -> 20 | Y41: =IF(G41=0,"",IF(M41<E41,0,M41-MAX(L41,E41)+1-SUMIFS(Breaks!$H$2:$H$31,Breaks!$A$2:$A$31,B41,Breaks!$C$2:$C$31,">="&E41))) -> 19
A42: act_027 | B42: Sheila E. | C42: Solo | D42: 31104 | E42: =YEAR(D42) -> 1985 | F42: nominated | G42: =COUNTIFS(Albums!$B$2:$B$406,B42) -> 10 | H42: =COUNTIFS(Albums!$B$2:$B$406,B42,Albums!$H$2:$H$406,"yes") -> 9 | I42: =COUNTIFS(Albums!$B$2:$B$406,B42,Albums!$I$2:$I$406,"yes") -> 4 | J42: =COUNTIFS(Albums!$B$2:$B$406,B42,Albums!$J$2:$J$406,">0") -> 4 | K42: =COUNTIFS(Albums!$B$2:$B$406,B42,Albums!$H$2:$H$406,"yes",Albums!$J$2:$J$406,">0") -> 3 | L42: =IF(G42=0,"",_xlfn.MINIFS(Albums!$E$2:$E$406,Albums!$B$2:$B$406,B42)) -> 1984 | M42: =IF(G42=0,"",_xlfn.MAXIFS(Albums!$E$2:$E$406,Albums!$B$2:$B$406,B42)) -> 2024 | N42: =IF(J42=0,"",_xlfn.MINIFS(Albums!$J$2:$J$406,Albums!$B$2:$B$406,B42,Albums!$J$2:$J$406,">0")) -> 28 | O42: =IF(K42=0,"",_xlfn.MINIFS(Albums!$J$2:$J$406,Albums!$B$2:$B$406,B42,Albums!$H$2:$H$406,"yes",Albums!$J$2:$J$406,">0")) -> 50 | P42: =COUNTIFS(Albums!$B$2:$B$406,B42,Albums!$H$2:$H$406,"yes",Albums!$J$2:$J$406,">0",Albums!$J$2:$J$406,"<=40") -> 0 | Q42: =COUNTIFS(Albums!$B$2:$B$406,B42,Albums!$M$2:$M$406,">0") -> 2 | R42: =COUNTIFS(Albums!$B$2:$B$406,B42,Albums!$H$2:$H$406,"yes",Albums!$M$2:$M$406,">0") -> 1 | S42: =SUMIFS(Albums!$M$2:$M$406,Albums!$B$2:$B$406,B42) -> 1 | T42: =SUMIFS(Albums!$M$2:$M$406,Albums!$B$2:$B$406,B42,Albums!$H$2:$H$406,"yes") -> 0.5 | U42: =COUNTIFS('Grammy nominations'!$A$2:$A$189,B42,'Grammy nominations'!$F$2:$F$189,"later") -> 2 | V42: =COUNTIFS('Grammy nominations'!$A$2:$A$189,B42,'Grammy nominations'!$F$2:$F$189,"later",'Grammy nominations'!$E$2:$E$189,"won") -> 1 | W42: =COUNTIFS('Grammy nominations'!$A$2:$A$189,B42,'Grammy nominations'!$F$2:$F$189,"same ceremony") -> 3 | X42: =IF(G42=0,"",M42-L42+1-SUMIFS(Breaks!$H$2:$H$31,Breaks!$A$2:$A$31,B42)) -> 41 | Y42: =IF(G42=0,"",IF(M42<E42,0,M42-MAX(L42,E42)+1-SUMIFS(Breaks!$H$2:$H$31,Breaks!$A$2:$A$31,B42,Breaks!$C$2:$C$31,">="&E42))) -> 40 | Z42: grammy.com shows 1 win, 6 nominations (27th 1985; 67th 2025).
A43: act_039 | B43: Simply Red | C43: Group | D43: 31832 | E43: =YEAR(D43) -> 1987 | F43: nominated | G43: =COUNTIFS(Albums!$B$2:$B$406,B43) -> 12 | H43: =COUNTIFS(Albums!$B$2:$B$406,B43,Albums!$H$2:$H$406,"yes") -> 11 | I43: =COUNTIFS(Albums!$B$2:$B$406,B43,Albums!$I$2:$I$406,"yes") -> 8 | J43: =COUNTIFS(Albums!$B$2:$B$406,B43,Albums!$J$2:$J$406,">0") -> 8 | K43: =COUNTIFS(Albums!$B$2:$B$406,B43,Albums!$H$2:$H$406,"yes",Albums!$J$2:$J$406,">0") -> 7 | L43: =IF(G43=0,"",_xlfn.MINIFS(Albums!$E$2:$E$406,Albums!$B$2:$B$406,B43)) -> 1985 | M43: =IF(G43=0,"",_xlfn.MAXIFS(Albums!$E$2:$E$406,Albums!$B$2:$B$406,B43)) -> 2023 | N43: =IF(J43=0,"",_xlfn.MINIFS(Albums!$J$2:$J$406,Albums!$B$2:$B$406,B43,Albums!$J$2:$J$406,">0")) -> 16 | O43: =IF(K43=0,"",_xlfn.MINIFS(Albums!$J$2:$J$406,Albums!$B$2:$B$406,B43,Albums!$H$2:$H$406,"yes",Albums!$J$2:$J$406,">0")) -> 22 | P43: =COUNTIFS(Albums!$B$2:$B$406,B43,Albums!$H$2:$H$406,"yes",Albums!$J$2:$J$406,">0",Albums!$J$2:$J$406,"<=40") -> 2 | Q43: =COUNTIFS(Albums!$B$2:$B$406,B43,Albums!$M$2:$M$406,">0") -> 3 | R43: =COUNTIFS(Albums!$B$2:$B$406,B43,Albums!$H$2:$H$406,"yes",Albums!$M$2:$M$406,">0") -> 2 | S43: =SUMIFS(Albums!$M$2:$M$406,Albums!$B$2:$B$406,B43) -> 2 | T43: =SUMIFS(Albums!$M$2:$M$406,Albums!$B$2:$B$406,B43,Albums!$H$2:$H$406,"yes") -> 1 | U43: =COUNTIFS('Grammy nominations'!$A$2:$A$189,B43,'Grammy nominations'!$F$2:$F$189,"later") -> 1 | V43: =COUNTIFS('Grammy nominations'!$A$2:$A$189,B43,'Grammy nominations'!$F$2:$F$189,"later",'Grammy nominations'!$E$2:$E$189,"won") -> 0 | W43: =COUNTIFS('Grammy nominations'!$A$2:$A$189,B43,'Grammy nominations'!$F$2:$F$189,"same ceremony") -> 1 | X43: =IF(G43=0,"",M43-L43+1-SUMIFS(Breaks!$H$2:$H$31,Breaks!$A$2:$A$31,B43)) -> 32 | Y43: =IF(G43=0,"",IF(M43<E43,0,M43-MAX(L43,E43)+1-SUMIFS(Breaks!$H$2:$H$31,Breaks!$A$2:$A$31,B43,Breaks!$C$2:$C$31,">="&E43))) -> 30 | Z43: No standalone Simply Red page found on grammy.com; nominations taken from the grammy.com page of member Tony Bowers, where all three entries are credited to "Simply Red" (29th 1987: BNA + Holding Back The Years; 32nd 1990: If You Don't Know Me By Now). https://en.wikipedia.org/wiki/Simply_Red confirms three group nominations and no wins (the 1990 Best R&B Song win for that song went to songwriters Gamble and Huff, not the band). Mick Hucknall solo not counted.
A44: act_053 | B44: Soul II Soul | C44: Group | D44: 32925 | E44: =YEAR(D44) -> 1990 | F44: nominated | G44: =COUNTIFS(Albums!$B$2:$B$406,B44) -> 5 | H44: =COUNTIFS(Albums!$B$2:$B$406,B44,Albums!$H$2:$H$406,"yes") -> 4 | I44: =COUNTIFS(Albums!$B$2:$B$406,B44,Albums!$I$2:$I$406,"yes") -> 4 | J44: =COUNTIFS(Albums!$B$2:$B$406,B44,Albums!$J$2:$J$406,">0") -> 3 | K44: =COUNTIFS(Albums!$B$2:$B$406,B44,Albums!$H$2:$H$406,"yes",Albums!$J$2:$J$406,">0") -> 2 | L44: =IF(G44=0,"",_xlfn.MINIFS(Albums!$E$2:$E$406,Albums!$B$2:$B$406,B44)) -> 1989 | M44: =IF(G44=0,"",_xlfn.MAXIFS(Albums!$E$2:$E$406,Albums!$B$2:$B$406,B44)) -> 1997 | N44: =IF(J44=0,"",_xlfn.MINIFS(Albums!$J$2:$J$406,Albums!$B$2:$B$406,B44,Albums!$J$2:$J$406,">0")) -> 14 | O44: =IF(K44=0,"",_xlfn.MINIFS(Albums!$J$2:$J$406,Albums!$B$2:$B$406,B44,Albums!$H$2:$H$406,"yes",Albums!$J$2:$J$406,">0")) -> 21 | P44: =COUNTIFS(Albums!$B$2:$B$406,B44,Albums!$H$2:$H$406,"yes",Albums!$J$2:$J$406,">0",Albums!$J$2:$J$406,"<=40") -> 1 | Q44: =COUNTIFS(Albums!$B$2:$B$406,B44,Albums!$M$2:$M$406,">0") -> 2 | R44: =COUNTIFS(Albums!$B$2:$B$406,B44,Albums!$H$2:$H$406,"yes",Albums!$M$2:$M$406,">0") -> 1 | S44: =SUMIFS(Albums!$M$2:$M$406,Albums!$B$2:$B$406,B44) -> 2.5 | T44: =SUMIFS(Albums!$M$2:$M$406,Albums!$B$2:$B$406,B44,Albums!$H$2:$H$406,"yes") -> 0.5 | U44: =COUNTIFS('Grammy nominations'!$A$2:$A$189,B44,'Grammy nominations'!$F$2:$F$189,"later") -> 1 | V44: =COUNTIFS('Grammy nominations'!$A$2:$A$189,B44,'Grammy nominations'!$F$2:$F$189,"later",'Grammy nominations'!$E$2:$E$189,"won") -> 0 | W44: =COUNTIFS('Grammy nominations'!$A$2:$A$189,B44,'Grammy nominations'!$F$2:$F$189,"same ceremony") -> 2 | X44: =IF(G44=0,"",M44-L44+1-SUMIFS(Breaks!$H$2:$H$31,Breaks!$A$2:$A$31,B44)) -> 9 | Y44: =IF(G44=0,"",IF(M44<E44,0,M44-MAX(L44,E44)+1-SUMIFS(Breaks!$H$2:$H$31,Breaks!$A$2:$A$31,B44,Breaks!$C$2:$C$31,">="&E44))) -> 8 | Z44: grammy.com artist page (https://www.grammy.com/artists/soul-ii-soul/) failed to load twice; used the awards table on the Wikipedia band page. The 1993 (35th) Mood nomination in Best R&B Instrumental Performance is confirmed on https://www.grammy.com/awards/categories/best-rb-instrumental-performance/1993/ . Wikipedia says the group has won two Grammys in total.
A45: act_020 | B45: Stray Cats | C45: Group | D45: 30370 | E45: =YEAR(D45) -> 1983 | F45: nominated | G45: =COUNTIFS(Albums!$B$2:$B$406,B45) -> 9 | H45: =COUNTIFS(Albums!$B$2:$B$406,B45,Albums!$H$2:$H$406,"yes") -> 7 | I45: =COUNTIFS(Albums!$B$2:$B$406,B45,Albums!$I$2:$I$406,"yes") -> 5 | J45: =COUNTIFS(Albums!$B$2:$B$406,B45,Albums!$J$2:$J$406,">0") -> 4 | K45: =COUNTIFS(Albums!$B$2:$B$406,B45,Albums!$H$2:$H$406,"yes",Albums!$J$2:$J$406,">0") -> 4 | L45: =IF(G45=0,"",_xlfn.MINIFS(Albums!$E$2:$E$406,Albums!$B$2:$B$406,B45)) -> 1981 | M45: =IF(G45=0,"",_xlfn.MAXIFS(Albums!$E$2:$E$406,Albums!$B$2:$B$406,B45)) -> 2019 | N45: =IF(J45=0,"",_xlfn.MINIFS(Albums!$J$2:$J$406,Albums!$B$2:$B$406,B45,Albums!$J$2:$J$406,">0")) -> 14 | O45: =IF(K45=0,"",_xlfn.MINIFS(Albums!$J$2:$J$406,Albums!$B$2:$B$406,B45,Albums!$H$2:$H$406,"yes",Albums!$J$2:$J$406,">0")) -> 14 | P45: =COUNTIFS(Albums!$B$2:$B$406,B45,Albums!$H$2:$H$406,"yes",Albums!$J$2:$J$406,">0",Albums!$J$2:$J$406,"<=40") -> 1 | Q45: =COUNTIFS(Albums!$B$2:$B$406,B45,Albums!$M$2:$M$406,">0") -> 1 | R45: =COUNTIFS(Albums!$B$2:$B$406,B45,Albums!$H$2:$H$406,"yes",Albums!$M$2:$M$406,">0") -> 1 | S45: =SUMIFS(Albums!$M$2:$M$406,Albums!$B$2:$B$406,B45) -> 0.5 | T45: =SUMIFS(Albums!$M$2:$M$406,Albums!$B$2:$B$406,B45,Albums!$H$2:$H$406,"yes") -> 0.5 | U45: =COUNTIFS('Grammy nominations'!$A$2:$A$189,B45,'Grammy nominations'!$F$2:$F$189,"later") -> 0 | V45: =COUNTIFS('Grammy nominations'!$A$2:$A$189,B45,'Grammy nominations'!$F$2:$F$189,"later",'Grammy nominations'!$E$2:$E$189,"won") -> 0 | W45: =COUNTIFS('Grammy nominations'!$A$2:$A$189,B45,'Grammy nominations'!$F$2:$F$189,"same ceremony") -> 0 | X45: =IF(G45=0,"",M45-L45+1-SUMIFS(Breaks!$H$2:$H$31,Breaks!$A$2:$A$31,B45)) -> 15 | Y45: =IF(G45=0,"",IF(M45<E45,0,M45-MAX(L45,E45)+1-SUMIFS(Breaks!$H$2:$H$31,Breaks!$A$2:$A$31,B45,Breaks!$C$2:$C$31,">="&E45))) -> 13 | Z45: grammy.com lists a single entry: Best New Artist, 1983 (25th), nominated. 0 wins, 1 nomination.
A46: act_045 | B46: Swing Out Sister | C46: Group | D46: 32204 | E46: =YEAR(D46) -> 1988 | F46: nominated | G46: =COUNTIFS(Albums!$B$2:$B$406,B46) -> 10 | H46: =COUNTIFS(Albums!$B$2:$B$406,B46,Albums!$H$2:$H$406,"yes") -> 9 | I46: =COUNTIFS(Albums!$B$2:$B$406,B46,Albums!$I$2:$I$406,"yes") -> 7 | J46: =COUNTIFS(Albums!$B$2:$B$406,B46,Albums!$J$2:$J$406,">0") -> 3 | K46: =COUNTIFS(Albums!$B$2:$B$406,B46,Albums!$H$2:$H$406,"yes",Albums!$J$2:$J$406,">0") -> 2 | L46: =IF(G46=0,"",_xlfn.MINIFS(Albums!$E$2:$E$406,Albums!$B$2:$B$406,B46)) -> 1987 | M46: =IF(G46=0,"",_xlfn.MAXIFS(Albums!$E$2:$E$406,Albums!$B$2:$B$406,B46)) -> 2017 | N46: =IF(J46=0,"",_xlfn.MINIFS(Albums!$J$2:$J$406,Albums!$B$2:$B$406,B46,Albums!$J$2:$J$406,">0")) -> 40 | O46: =IF(K46=0,"",_xlfn.MINIFS(Albums!$J$2:$J$406,Albums!$B$2:$B$406,B46,Albums!$H$2:$H$406,"yes",Albums!$J$2:$J$406,">0")) -> 61 | P46: =COUNTIFS(Albums!$B$2:$B$406,B46,Albums!$H$2:$H$406,"yes",Albums!$J$2:$J$406,">0",Albums!$J$2:$J$406,"<=40") -> 0 | Q46: =COUNTIFS(Albums!$B$2:$B$406,B46,Albums!$M$2:$M$406,">0") -> 0 | R46: =COUNTIFS(Albums!$B$2:$B$406,B46,Albums!$H$2:$H$406,"yes",Albums!$M$2:$M$406,">0") -> 0 | S46: =SUMIFS(Albums!$M$2:$M$406,Albums!$B$2:$B$406,B46) -> 0 | T46: =SUMIFS(Albums!$M$2:$M$406,Albums!$B$2:$B$406,B46,Albums!$H$2:$H$406,"yes") -> 0 | U46: =COUNTIFS('Grammy nominations'!$A$2:$A$189,B46,'Grammy nominations'!$F$2:$F$189,"later") -> 0 | V46: =COUNTIFS('Grammy nominations'!$A$2:$A$189,B46,'Grammy nominations'!$F$2:$F$189,"later",'Grammy nominations'!$E$2:$E$189,"won") -> 0 | W46: =COUNTIFS('Grammy nominations'!$A$2:$A$189,B46,'Grammy nominations'!$F$2:$F$189,"same ceremony") -> 1 | X46: =IF(G46=0,"",M46-L46+1-SUMIFS(Breaks!$H$2:$H$31,Breaks!$A$2:$A$31,B46)) -> 31 | Y46: =IF(G46=0,"",IF(M46<E46,0,M46-MAX(L46,E46)+1-SUMIFS(Breaks!$H$2:$H$31,Breaks!$A$2:$A$31,B46,Breaks!$C$2:$C$31,">="&E46))) -> 30
A47: act_049 | B47: Take 6 | C47: Group | D47: 32561 | E47: =YEAR(D47) -> 1989 | F47: nominated | G47: =COUNTIFS(Albums!$B$2:$B$406,B47) -> 14 | H47: =COUNTIFS(Albums!$B$2:$B$406,B47,Albums!$H$2:$H$406,"yes") -> 13 | I47: =COUNTIFS(Albums!$B$2:$B$406,B47,Albums!$I$2:$I$406,"yes") -> 13 | J47: =COUNTIFS(Albums!$B$2:$B$406,B47,Albums!$J$2:$J$406,">0") -> 4 | K47: =COUNTIFS(Albums!$B$2:$B$406,B47,Albums!$H$2:$H$406,"yes",Albums!$J$2:$J$406,">0") -> 3 | L47: =IF(G47=0,"",_xlfn.MINIFS(Albums!$E$2:$E$406,Albums!$B$2:$B$406,B47)) -> 1988 | M47: =IF(G47=0,"",_xlfn.MAXIFS(Albums!$E$2:$E$406,Albums!$B$2:$B$406,B47)) -> 2018 | N47: =IF(J47=0,"",_xlfn.MINIFS(Albums!$J$2:$J$406,Albums!$B$2:$B$406,B47,Albums!$J$2:$J$406,">0")) -> 71 | O47: =IF(K47=0,"",_xlfn.MINIFS(Albums!$J$2:$J$406,Albums!$B$2:$B$406,B47,Albums!$H$2:$H$406,"yes",Albums!$J$2:$J$406,">0")) -> 72 | P47: =COUNTIFS(Albums!$B$2:$B$406,B47,Albums!$H$2:$H$406,"yes",Albums!$J$2:$J$406,">0",Albums!$J$2:$J$406,"<=40") -> 0 | Q47: =COUNTIFS(Albums!$B$2:$B$406,B47,Albums!$M$2:$M$406,">0") -> 2 | R47: =COUNTIFS(Albums!$B$2:$B$406,B47,Albums!$H$2:$H$406,"yes",Albums!$M$2:$M$406,">0") -> 1 | S47: =SUMIFS(Albums!$M$2:$M$406,Albums!$B$2:$B$406,B47) -> 1.5 | T47: =SUMIFS(Albums!$M$2:$M$406,Albums!$B$2:$B$406,B47,Albums!$H$2:$H$406,"yes") -> 0.5 | U47: =COUNTIFS('Grammy nominations'!$A$2:$A$189,B47,'Grammy nominations'!$F$2:$F$189,"later") -> 16 | V47: =COUNTIFS('Grammy nominations'!$A$2:$A$189,B47,'Grammy nominations'!$F$2:$F$189,"later",'Grammy nominations'!$E$2:$E$189,"won") -> 6 | W47: =COUNTIFS('Grammy nominations'!$A$2:$A$189,B47,'Grammy nominations'!$F$2:$F$189,"same ceremony") -> 2 | X47: =IF(G47=0,"",M47-L47+1-SUMIFS(Breaks!$H$2:$H$31,Breaks!$A$2:$A$31,B47)) -> 31 | Y47: =IF(G47=0,"",IF(M47<E47,0,M47-MAX(L47,E47)+1-SUMIFS(Breaks!$H$2:$H$31,Breaks!$A$2:$A$31,B47,Breaks!$C$2:$C$31,">="&E47))) -> 30 | Z47: grammy.com lists 19 nominations / 8 wins; several entries had no status label on grammy.com, so won/nominated taken from Wikipedia Take 6 page (8 wins, consistent with grammy.com total).
A48: act_044 | B48: Terence Trent D'Arby | C48: Solo | D48: 32204 | E48: =YEAR(D48) -> 1988 | F48: nominated | G48: =COUNTIFS(Albums!$B$2:$B$406,B48) -> 14 | H48: =COUNTIFS(Albums!$B$2:$B$406,B48,Albums!$H$2:$H$406,"yes") -> 13 | I48: =COUNTIFS(Albums!$B$2:$B$406,B48,Albums!$I$2:$I$406,"yes") -> 4 | J48: =COUNTIFS(Albums!$B$2:$B$406,B48,Albums!$J$2:$J$406,">0") -> 4 | K48: =COUNTIFS(Albums!$B$2:$B$406,B48,Albums!$H$2:$H$406,"yes",Albums!$J$2:$J$406,">0") -> 3 | L48: =IF(G48=0,"",_xlfn.MINIFS(Albums!$E$2:$E$406,Albums!$B$2:$B$406,B48)) -> 1987 | M48: =IF(G48=0,"",_xlfn.MAXIFS(Albums!$E$2:$E$406,Albums!$B$2:$B$406,B48)) -> 2024 | N48: =IF(J48=0,"",_xlfn.MINIFS(Albums!$J$2:$J$406,Albums!$B$2:$B$406,B48,Albums!$J$2:$J$406,">0")) -> 4 | O48: =IF(K48=0,"",_xlfn.MINIFS(Albums!$J$2:$J$406,Albums!$B$2:$B$406,B48,Albums!$H$2:$H$406,"yes",Albums!$J$2:$J$406,">0")) -> 61 | P48: =COUNTIFS(Albums!$B$2:$B$406,B48,Albums!$H$2:$H$406,"yes",Albums!$J$2:$J$406,">0",Albums!$J$2:$J$406,"<=40") -> 0 | Q48: =COUNTIFS(Albums!$B$2:$B$406,B48,Albums!$M$2:$M$406,">0") -> 1 | R48: =COUNTIFS(Albums!$B$2:$B$406,B48,Albums!$H$2:$H$406,"yes",Albums!$M$2:$M$406,">0") -> 0 | S48: =SUMIFS(Albums!$M$2:$M$406,Albums!$B$2:$B$406,B48) -> 2 | T48: =SUMIFS(Albums!$M$2:$M$406,Albums!$B$2:$B$406,B48,Albums!$H$2:$H$406,"yes") -> 0 | U48: =COUNTIFS('Grammy nominations'!$A$2:$A$189,B48,'Grammy nominations'!$F$2:$F$189,"later") -> 2 | V48: =COUNTIFS('Grammy nominations'!$A$2:$A$189,B48,'Grammy nominations'!$F$2:$F$189,"later",'Grammy nominations'!$E$2:$E$189,"won") -> 1 | W48: =COUNTIFS('Grammy nominations'!$A$2:$A$189,B48,'Grammy nominations'!$F$2:$F$189,"same ceremony") -> 0 | X48: =IF(G48=0,"",M48-L48+1-SUMIFS(Breaks!$H$2:$H$31,Breaks!$A$2:$A$31,B48)) -> 38 | Y48: =IF(G48=0,"",IF(M48<E48,0,M48-MAX(L48,E48)+1-SUMIFS(Breaks!$H$2:$H$31,Breaks!$A$2:$A$31,B48,Breaks!$C$2:$C$31,">="&E48))) -> 37 | Z48: grammy.com shows 3 nominations / 1 win: 1988 Best New Artist (nominee), 1989 R&B male vocal (winner), 1996 R&B duo/group (nominee). Wikipedia Best Male R&B Vocal Performance page confirms 1989 ceremony for the win.
A49: act_040 | B49: Timbuk3 | C49: Group | D49: 31832 | E49: =YEAR(D49) -> 1987 | F49: nominated | G49: =COUNTIFS(Albums!$B$2:$B$406,B49) -> 5 | H49: =COUNTIFS(Albums!$B$2:$B$406,B49,Albums!$H$2:$H$406,"yes") -> 4 | I49: =COUNTIFS(Albums!$B$2:$B$406,B49,Albums!$I$2:$I$406,"yes") -> 2 | J49: =COUNTIFS(Albums!$B$2:$B$406,B49,Albums!$J$2:$J$406,">0") -> 2 | K49: =COUNTIFS(Albums!$B$2:$B$406,B49,Albums!$H$2:$H$406,"yes",Albums!$J$2:$J$406,">0") -> 1 | L49: =IF(G49=0,"",_xlfn.MINIFS(Albums!$E$2:$E$406,Albums!$B$2:$B$406,B49)) -> 1986 | M49: =IF(G49=0,"",_xlfn.MAXIFS(Albums!$E$2:$E$406,Albums!$B$2:$B$406,B49)) -> 1995 | N49: =IF(J49=0,"",_xlfn.MINIFS(Albums!$J$2:$J$406,Albums!$B$2:$B$406,B49,Albums!$J$2:$J$406,">0")) -> 50 | O49: =IF(K49=0,"",_xlfn.MINIFS(Albums!$J$2:$J$406,Albums!$B$2:$B$406,B49,Albums!$H$2:$H$406,"yes",Albums!$J$2:$J$406,">0")) -> 107 | P49: =COUNTIFS(Albums!$B$2:$B$406,B49,Albums!$H$2:$H$406,"yes",Albums!$J$2:$J$406,">0",Albums!$J$2:$J$406,"<=40") -> 0 | Q49: =COUNTIFS(Albums!$B$2:$B$406,B49,Albums!$M$2:$M$406,">0") -> 0 | R49: =COUNTIFS(Albums!$B$2:$B$406,B49,Albums!$H$2:$H$406,"yes",Albums!$M$2:$M$406,">0") -> 0 | S49: =SUMIFS(Albums!$M$2:$M$406,Albums!$B$2:$B$406,B49) -> 0 | T49: =SUMIFS(Albums!$M$2:$M$406,Albums!$B$2:$B$406,B49,Albums!$H$2:$H$406,"yes") -> 0 | U49: =COUNTIFS('Grammy nominations'!$A$2:$A$189,B49,'Grammy nominations'!$F$2:$F$189,"later") -> 0 | V49: =COUNTIFS('Grammy nominations'!$A$2:$A$189,B49,'Grammy nominations'!$F$2:$F$189,"later",'Grammy nominations'!$E$2:$E$189,"won") -> 0 | W49: =COUNTIFS('Grammy nominations'!$A$2:$A$189,B49,'Grammy nominations'!$F$2:$F$189,"same ceremony") -> 0 | X49: =IF(G49=0,"",M49-L49+1-SUMIFS(Breaks!$H$2:$H$31,Breaks!$A$2:$A$31,B49)) -> 10 | Y49: =IF(G49=0,"",IF(M49<E49,0,M49-MAX(L49,E49)+1-SUMIFS(Breaks!$H$2:$H$31,Breaks!$A$2:$A$31,B49,Breaks!$C$2:$C$31,">="&E49))) -> 9 | Z49: grammy.com lists only the Best New Artist nomination (1987).
A50: act_054 | B50: Tone Loc | C50: Solo | D50: 32925 | E50: =YEAR(D50) -> 1990 | F50: nominated | G50: =COUNTIFS(Albums!$B$2:$B$406,B50) -> 2 | H50: =COUNTIFS(Albums!$B$2:$B$406,B50,Albums!$H$2:$H$406,"yes") -> 1 | I50: =COUNTIFS(Albums!$B$2:$B$406,B50,Albums!$I$2:$I$406,"yes") -> 2 | J50: =COUNTIFS(Albums!$B$2:$B$406,B50,Albums!$J$2:$J$406,">0") -> 1 | K50: =COUNTIFS(Albums!$B$2:$B$406,B50,Albums!$H$2:$H$406,"yes",Albums!$J$2:$J$406,">0") -> 0 | L50: =IF(G50=0,"",_xlfn.MINIFS(Albums!$E$2:$E$406,Albums!$B$2:$B$406,B50)) -> 1989 | M50: =IF(G50=0,"",_xlfn.MAXIFS(Albums!$E$2:$E$406,Albums!$B$2:$B$406,B50)) -> 1991 | N50: =IF(J50=0,"",_xlfn.MINIFS(Albums!$J$2:$J$406,Albums!$B$2:$B$406,B50,Albums!$J$2:$J$406,">0")) -> 1 | O50: =IF(K50=0,"",_xlfn.MINIFS(Albums!$J$2:$J$406,Albums!$B$2:$B$406,B50,Albums!$H$2:$H$406,"yes",Albums!$J$2:$J$406,">0")) | P50: =COUNTIFS(Albums!$B$2:$B$406,B50,Albums!$H$2:$H$406,"yes",Albums!$J$2:$J$406,">0",Albums!$J$2:$J$406,"<=40") -> 0 | Q50: =COUNTIFS(Albums!$B$2:$B$406,B50,Albums!$M$2:$M$406,">0") -> 1 | R50: =COUNTIFS(Albums!$B$2:$B$406,B50,Albums!$H$2:$H$406,"yes",Albums!$M$2:$M$406,">0") -> 0 | S50: =SUMIFS(Albums!$M$2:$M$406,Albums!$B$2:$B$406,B50) -> 2 | T50: =SUMIFS(Albums!$M$2:$M$406,Albums!$B$2:$B$406,B50,Albums!$H$2:$H$406,"yes") -> 0 | U50: =COUNTIFS('Grammy nominations'!$A$2:$A$189,B50,'Grammy nominations'!$F$2:$F$189,"later") -> 0 | V50: =COUNTIFS('Grammy nominations'!$A$2:$A$189,B50,'Grammy nominations'!$F$2:$F$189,"later",'Grammy nominations'!$E$2:$E$189,"won") -> 0 | W50: =COUNTIFS('Grammy nominations'!$A$2:$A$189,B50,'Grammy nominations'!$F$2:$F$189,"same ceremony") -> 1 | X50: =IF(G50=0,"",M50-L50+1-SUMIFS(Breaks!$H$2:$H$31,Breaks!$A$2:$A$31,B50)) -> 3 | Y50: =IF(G50=0,"",IF(M50<E50,0,M50-MAX(L50,E50)+1-SUMIFS(Breaks!$H$2:$H$31,Breaks!$A$2:$A$31,B50,Breaks!$C$2:$C$31,">="&E50))) -> 2 | Z50: grammy.com lists 2 nominations, 0 wins (Best New Artist and Best Rap Performance, both 1990). Wikipedia also mentions a 1991 Best Rap Performance by a Duo or Group nomination for 'We're All in the Same Gang', but that was credited to the West Coast Rap All-Stars collective and is not on Tone Loc's grammy.com page, so it is excluded.
A51: act_048 | B51: Toni Childs | C51: Solo | D51: 32561 | E51: =YEAR(D51) -> 1989 | F51: nominated | G51: =COUNTIFS(Albums!$B$2:$B$406,B51) -> 5 | H51: =COUNTIFS(Albums!$B$2:$B$406,B51,Albums!$H$2:$H$406,"yes") -> 4 | I51: =COUNTIFS(Albums!$B$2:$B$406,B51,Albums!$I$2:$I$406,"yes") -> 3 | J51: =COUNTIFS(Albums!$B$2:$B$406,B51,Albums!$J$2:$J$406,">0") -> 2 | K51: =COUNTIFS(Albums!$B$2:$B$406,B51,Albums!$H$2:$H$406,"yes",Albums!$J$2:$J$406,">0") -> 1 | L51: =IF(G51=0,"",_xlfn.MINIFS(Albums!$E$2:$E$406,Albums!$B$2:$B$406,B51)) -> 1988 | M51: =IF(G51=0,"",_xlfn.MAXIFS(Albums!$E$2:$E$406,Albums!$B$2:$B$406,B51)) -> 2014 | N51: =IF(J51=0,"",_xlfn.MINIFS(Albums!$J$2:$J$406,Albums!$B$2:$B$406,B51,Albums!$J$2:$J$406,">0")) -> 63 | O51: =IF(K51=0,"",_xlfn.MINIFS(Albums!$J$2:$J$406,Albums!$B$2:$B$406,B51,Albums!$H$2:$H$406,"yes",Albums!$J$2:$J$406,">0")) -> 115 | P51: =COUNTIFS(Albums!$B$2:$B$406,B51,Albums!$H$2:$H$406,"yes",Albums!$J$2:$J$406,">0",Albums!$J$2:$J$406,"<=40") -> 0 | Q51: =COUNTIFS(Albums!$B$2:$B$406,B51,Albums!$M$2:$M$406,">0") -> 1 | R51: =COUNTIFS(Albums!$B$2:$B$406,B51,Albums!$H$2:$H$406,"yes",Albums!$M$2:$M$406,">0") -> 0 | S51: =SUMIFS(Albums!$M$2:$M$406,Albums!$B$2:$B$406,B51) -> 0.5 | T51: =SUMIFS(Albums!$M$2:$M$406,Albums!$B$2:$B$406,B51,Albums!$H$2:$H$406,"yes") -> 0 | U51: =COUNTIFS('Grammy nominations'!$A$2:$A$189,B51,'Grammy nominations'!$F$2:$F$189,"later") -> 1 | V51: =COUNTIFS('Grammy nominations'!$A$2:$A$189,B51,'Grammy nominations'!$F$2:$F$189,"later",'Grammy nominations'!$E$2:$E$189,"won") -> 0 | W51: =COUNTIFS('Grammy nominations'!$A$2:$A$189,B51,'Grammy nominations'!$F$2:$F$189,"same ceremony") -> 1 | X51: =IF(G51=0,"",M51-L51+1-SUMIFS(Breaks!$H$2:$H$31,Breaks!$A$2:$A$31,B51)) -> 27 | Y51: =IF(G51=0,"",IF(M51<E51,0,M51-MAX(L51,E51)+1-SUMIFS(Breaks!$H$2:$H$31,Breaks!$A$2:$A$31,B51,Breaks!$C$2:$C$31,">="&E51))) -> 26 | Z51: grammy.com shows 0 wins, 3 nominations (31st 1989; 38th 1996).
A52: act_046 | B52: Tracy Chapman | C52: Solo | D52: 32561 | E52: =YEAR(D52) -> 1989 | F52: won | G52: =COUNTIFS(Albums!$B$2:$B$406,B52) -> 8 | H52: =COUNTIFS(Albums!$B$2:$B$406,B52,Albums!$H$2:$H$406,"yes") -> 7 | I52: =COUNTIFS(Albums!$B$2:$B$406,B52,Albums!$I$2:$I$406,"yes") -> 8 | J52: =COUNTIFS(Albums!$B$2:$B$406,B52,Albums!$J$2:$J$406,">0") -> 8 | K52: =COUNTIFS(Albums!$B$2:$B$406,B52,Albums!$H$2:$H$406,"yes",Albums!$J$2:$J$406,">0") -> 7 | L52: =IF(G52=0,"",_xlfn.MINIFS(Albums!$E$2:$E$406,Albums!$B$2:$B$406,B52)) -> 1988 | M52: =IF(G52=0,"",_xlfn.MAXIFS(Albums!$E$2:$E$406,Albums!$B$2:$B$406,B52)) -> 2008 | N52: =IF(J52=0,"",_xlfn.MINIFS(Albums!$J$2:$J$406,Albums!$B$2:$B$406,B52,Albums!$J$2:$J$406,">0")) -> 1 | O52: =IF(K52=0,"",_xlfn.MINIFS(Albums!$J$2:$J$406,Albums!$B$2:$B$406,B52,Albums!$H$2:$H$406,"yes",Albums!$J$2:$J$406,">0")) -> 4 | P52: =COUNTIFS(Albums!$B$2:$B$406,B52,Albums!$H$2:$H$406,"yes",Albums!$J$2:$J$406,">0",Albums!$J$2:$J$406,"<=40") -> 4 | Q52: =COUNTIFS(Albums!$B$2:$B$406,B52,Albums!$M$2:$M$406,">0") -> 5 | R52: =COUNTIFS(Albums!$B$2:$B$406,B52,Albums!$H$2:$H$406,"yes",Albums!$M$2:$M$406,">0") -> 4 | S52: =SUMIFS(Albums!$M$2:$M$406,Albums!$B$2:$B$406,B52) -> 13 | T52: =SUMIFS(Albums!$M$2:$M$406,Albums!$B$2:$B$406,B52,Albums!$H$2:$H$406,"yes") -> 7 | U52: =COUNTIFS('Grammy nominations'!$A$2:$A$189,B52,'Grammy nominations'!$F$2:$F$189,"later") -> 7 | V52: =COUNTIFS('Grammy nominations'!$A$2:$A$189,B52,'Grammy nominations'!$F$2:$F$189,"later",'Grammy nominations'!$E$2:$E$189,"won") -> 1 | W52: =COUNTIFS('Grammy nominations'!$A$2:$A$189,B52,'Grammy nominations'!$F$2:$F$189,"same ceremony") -> 5 | X52: =IF(G52=0,"",M52-L52+1-SUMIFS(Breaks!$H$2:$H$31,Breaks!$A$2:$A$31,B52)) -> 21 | Y52: =IF(G52=0,"",IF(M52<E52,0,M52-MAX(L52,E52)+1-SUMIFS(Breaks!$H$2:$H$31,Breaks!$A$2:$A$31,B52,Breaks!$C$2:$C$31,">="&E52))) -> 20 | Z52: grammy.com shows 4 wins / 13 nominations but no result label for 1989 Album Of The Year and Best Contemporary Folk Recording. AOTY set to nominated because Wikipedia 31st Annual Grammy Awards page says AOTY went to George Michael for Faith. Folk Recording set to won: consistent with grammy.com total of 4 wins and confirmed by Wikipedia album page Tracy_Chapman_(album) Grammy table (folk category Won, Album of the Year Nominated). A 1989 Producer of the Year nomination on that page is credited to David Kershenbaum, not Chapman, so excluded
A53: act_050 | B53: Vanessa Williams | C53: Solo | D53: 32561 | E53: =YEAR(D53) -> 1989 | F53: nominated | G53: =COUNTIFS(Albums!$B$2:$B$406,B53) -> 9 | H53: =COUNTIFS(Albums!$B$2:$B$406,B53,Albums!$H$2:$H$406,"yes") -> 8 | I53: =COUNTIFS(Albums!$B$2:$B$406,B53,Albums!$I$2:$I$406,"yes") -> 8 | J53: =COUNTIFS(Albums!$B$2:$B$406,B53,Albums!$J$2:$J$406,">0") -> 8 | K53: =COUNTIFS(Albums!$B$2:$B$406,B53,Albums!$H$2:$H$406,"yes",Albums!$J$2:$J$406,">0") -> 7 | L53: =IF(G53=0,"",_xlfn.MINIFS(Albums!$E$2:$E$406,Albums!$B$2:$B$406,B53)) -> 1988 | M53: =IF(G53=0,"",_xlfn.MAXIFS(Albums!$E$2:$E$406,Albums!$B$2:$B$406,B53)) -> 2024 | N53: =IF(J53=0,"",_xlfn.MINIFS(Albums!$J$2:$J$406,Albums!$B$2:$B$406,B53,Albums!$J$2:$J$406,">0")) -> 17 | O53: =IF(K53=0,"",_xlfn.MINIFS(Albums!$J$2:$J$406,Albums!$B$2:$B$406,B53,Albums!$H$2:$H$406,"yes",Albums!$J$2:$J$406,">0")) -> 17 | P53: =COUNTIFS(Albums!$B$2:$B$406,B53,Albums!$H$2:$H$406,"yes",Albums!$J$2:$J$406,">0",Albums!$J$2:$J$406,"<=40") -> 2 | Q53: =COUNTIFS(Albums!$B$2:$B$406,B53,Albums!$M$2:$M$406,">0") -> 4 | R53: =COUNTIFS(Albums!$B$2:$B$406,B53,Albums!$H$2:$H$406,"yes",Albums!$M$2:$M$406,">0") -> 3 | S53: =SUMIFS(Albums!$M$2:$M$406,Albums!$B$2:$B$406,B53) -> 5 | T53: =SUMIFS(Albums!$M$2:$M$406,Albums!$B$2:$B$406,B53,Albums!$H$2:$H$406,"yes") -> 4.5 | U53: =COUNTIFS('Grammy nominations'!$A$2:$A$189,B53,'Grammy nominations'!$F$2:$F$189,"later") -> 9 | V53: =COUNTIFS('Grammy nominations'!$A$2:$A$189,B53,'Grammy nominations'!$F$2:$F$189,"later",'Grammy nominations'!$E$2:$E$189,"won") -> 0 | W53: =COUNTIFS('Grammy nominations'!$A$2:$A$189,B53,'Grammy nominations'!$F$2:$F$189,"same ceremony") -> 1 | X53: =IF(G53=0,"",M53-L53+1-SUMIFS(Breaks!$H$2:$H$31,Breaks!$A$2:$A$31,B53)) -> 37 | Y53: =IF(G53=0,"",IF(M53<E53,0,M53-MAX(L53,E53)+1-SUMIFS(Breaks!$H$2:$H$31,Breaks!$A$2:$A$31,B53,Breaks!$C$2:$C$31,">="&E53))) -> 36 | Z53: grammy.com lists 11 nominations, 0 wins

Sheet Albums
A1: event_id | B1: Act | C1: Album | D1: First release | E1: Release year | F1: Date used for ordering | G1: Best New Artist ceremony | H1: Released after the ceremony? | I1: Released in the US? | J1: Billboard 200 peak | K1: Charted on the Billboard 200? | L1: RIAA certification | M1: RIAA units (millions) | N1: Source | O1: Note
A2: E001 | B2: a-ha | C2: Hunting High and Low | D2: 1985-06-01 | E2: =VALUE(LEFT(D2,4)) -> 1985 | F2: =IF(LEN(D2)=10,DATE(VALUE(LEFT(D2,4)),VALUE(MID(D2,6,2)),VALUE(RIGHT(D2,2))),IF(LEN(D2)=7,DATE(VALUE(LEFT(D2,4)),VALUE(MID(D2,6,2)),15),DATE(VALUE(LEFT(D2,4)),7,1))) -> 31199 | G2: =INDEX(Acts!$D:$D,MATCH(B2,Acts!$B:$B,0)) -> 31468 | H2: =IF(F2>G2,"yes","no") -> no | I2: yes | J2: 15 | K2: =IF(J2="","no","yes") -> yes | L2: Platinum | M2: =IF(L2="",0,IF(L2="Gold",0.5,IF(L2="Platinum",1,IF(L2="Diamond",10,IF(ISNUMBER(FIND("×",L2)),VALUE(LEFT(L2,FIND("×",L2)-1)),0))))) -> 1 | N2: https://en.wikipedia.org/wiki/A-ha_discography
A3: E003 | B3: a-ha | C3: Scoundrel Days | D3: 1986-10-06 | E3: =VALUE(LEFT(D3,4)) -> 1986 | F3: =IF(LEN(D3)=10,DATE(VALUE(LEFT(D3,4)),VALUE(MID(D3,6,2)),VALUE(RIGHT(D3,2))),IF(LEN(D3)=7,DATE(VALUE(LEFT(D3,4)),VALUE(MID(D3,6,2)),15),DATE(VALUE(LEFT(D3,4)),7,1))) -> 31691 | G3: =INDEX(Acts!$D:$D,MATCH(B3,Acts!$B:$B,0)) -> 31468 | H3: =IF(F3>G3,"yes","no") -> yes | I3: yes | J3: 74 | K3: =IF(J3="","no","yes") -> yes | M3: =IF(L3="",0,IF(L3="Gold",0.5,IF(L3="Platinum",1,IF(L3="Diamond",10,IF(ISNUMBER(FIND("×",L3)),VALUE(LEFT(L3,FIND("×",L3)-1)),0))))) -> 0 | N3: https://en.wikipedia.org/wiki/A-ha_discography
A4: E004 | B4: a-ha | C4: Stay on These Roads | D4: 1988-05-03 | E4: =VALUE(LEFT(D4,4)) -> 1988 | F4: =IF(LEN(D4)=10,DATE(VALUE(LEFT(D4,4)),VALUE(MID(D4,6,2)),VALUE(RIGHT(D4,2))),IF(LEN(D4)=7,DATE(VALUE(LEFT(D4,4)),VALUE(MID(D4,6,2)),15),DATE(VALUE(LEFT(D4,4)),7,1))) -> 32266 | G4: =INDEX(Acts!$D:$D,MATCH(B4,Acts!$B:$B,0)) -> 31468 | H4: =IF(F4>G4,"yes","no") -> yes | I4: yes | J4: 148 | K4: =IF(J4="","no","yes") -> yes | M4: =IF(L4="",0,IF(L4="Gold",0.5,IF(L4="Platinum",1,IF(L4="Diamond",10,IF(ISNUMBER(FIND("×",L4)),VALUE(LEFT(L4,FIND("×",L4)-1)),0))))) -> 0 | N4: https://en.wikipedia.org/wiki/A-ha_discography
A5: E005 | B5: a-ha | C5: East of the Sun, West of the Moon | D5: 1990-10-22 | E5: =VALUE(LEFT(D5,4)) -> 1990 | F5: =IF(LEN(D5)=10,DATE(VALUE(LEFT(D5,4)),VALUE(MID(D5,6,2)),VALUE(RIGHT(D5,2))),IF(LEN(D5)=7,DATE(VALUE(LEFT(D5,4)),VALUE(MID(D5,6,2)),15),DATE(VALUE(LEFT(D5,4)),7,1))) -> 33168 | G5: =INDEX(Acts!$D:$D,MATCH(B5,Acts!$B:$B,0)) -> 31468 | H5: =IF(F5>G5,"yes","no") -> yes | I5: unknown | K5: =IF(J5="","no","yes") -> no | M5: =IF(L5="",0,IF(L5="Gold",0.5,IF(L5="Platinum",1,IF(L5="Diamond",10,IF(ISNUMBER(FIND("×",L5)),VALUE(LEFT(L5,FIND("×",L5)-1)),0))))) -> 0 | N5: https://en.wikipedia.org/wiki/A-ha_discography | O5: US dash in discography (did not chart or not released); album page gives no US release info; Memorial Beach page calls Memorial Beach (1993) the band's last US release, which implies but does not state a US release for this one
A6: E006 | B6: a-ha | C6: Memorial Beach | D6: 1993-06-14 | E6: =VALUE(LEFT(D6,4)) -> 1993 | F6: =IF(LEN(D6)=10,DATE(VALUE(LEFT(D6,4)),VALUE(MID(D6,6,2)),VALUE(RIGHT(D6,2))),IF(LEN(D6)=7,DATE(VALUE(LEFT(D6,4)),VALUE(MID(D6,6,2)),15),DATE(VALUE(LEFT(D6,4)),7,1))) -> 34134 | G6: =INDEX(Acts!$D:$D,MATCH(B6,Acts!$B:$B,0)) -> 31468 | H6: =IF(F6>G6,"yes","no") -> yes | I6: yes | K6: =IF(J6="","no","yes") -> no | M6: =IF(L6="",0,IF(L6="Gold",0.5,IF(L6="Platinum",1,IF(L6="Diamond",10,IF(ISNUMBER(FIND("×",L6)),VALUE(LEFT(L6,FIND("×",L6)-1)),0))))) -> 0 | N6: https://en.wikipedia.org/wiki/Memorial_Beach | O6: US dash in discography; album page says it did not chart on the Billboard 200 and was the band's last album released in the US
A7: E009 | B7: a-ha | C7: Minor Earth Major Sky | D7: 2000-04-14 | E7: =VALUE(LEFT(D7,4)) -> 2000 | F7: =IF(LEN(D7)=10,DATE(VALUE(LEFT(D7,4)),VALUE(MID(D7,6,2)),VALUE(RIGHT(D7,2))),IF(LEN(D7)=7,DATE(VALUE(LEFT(D7,4)),VALUE(MID(D7,6,2)),15),DATE(VALUE(LEFT(D7,4)),7,1))) -> 36630 | G7: =INDEX(Acts!$D:$D,MATCH(B7,Acts!$B:$B,0)) -> 31468 | H7: =IF(F7>G7,"yes","no") -> yes | I7: no | K7: =IF(J7="","no","yes") -> no | M7: =IF(L7="",0,IF(L7="Gold",0.5,IF(L7="Platinum",1,IF(L7="Diamond",10,IF(ISNUMBER(FIND("×",L7)),VALUE(LEFT(L7,FIND("×",L7)-1)),0))))) -> 0 | N7: https://en.wikipedia.org/wiki/Minor_Earth_Major_Sky | O7: Album page states it was not released in the U.S.; no Billboard 200 peak or RIAA cert
A8: E010 | B8: a-ha | C8: Lifelines | D8: 2002-04-24 | E8: =VALUE(LEFT(D8,4)) -> 2002 | F8: =IF(LEN(D8)=10,DATE(VALUE(LEFT(D8,4)),VALUE(MID(D8,6,2)),VALUE(RIGHT(D8,2))),IF(LEN(D8)=7,DATE(VALUE(LEFT(D8,4)),VALUE(MID(D8,6,2)),15),DATE(VALUE(LEFT(D8,4)),7,1))) -> 37370 | G8: =INDEX(Acts!$D:$D,MATCH(B8,Acts!$B:$B,0)) -> 31468 | H8: =IF(F8>G8,"yes","no") -> yes | I8: unknown | K8: =IF(J8="","no","yes") -> no | M8: =IF(L8="",0,IF(L8="Gold",0.5,IF(L8="Platinum",1,IF(L8="Diamond",10,IF(ISNUMBER(FIND("×",L8)),VALUE(LEFT(L8,FIND("×",L8)-1)),0))))) -> 0 | N8: https://en.wikipedia.org/wiki/A-ha_discography | O8: US dash in discography; album page (https://en.wikipedia.org/wiki/Lifelines_(A-ha_album)) gives no US release, Billboard 200 or RIAA info. Memorial Beach page says Memorial Beach (1993) was the band's last album released in the US, suggesting no US release, but this album's own page does not say so
A9: E011 | B9: a-ha | C9: Analogue | D9: 2005-11-04 | E9: =VALUE(LEFT(D9,4)) -> 2005 | F9: =IF(LEN(D9)=10,DATE(VALUE(LEFT(D9,4)),VALUE(MID(D9,6,2)),VALUE(RIGHT(D9,2))),IF(LEN(D9)=7,DATE(VALUE(LEFT(D9,4)),VALUE(MID(D9,6,2)),15),DATE(VALUE(LEFT(D9,4)),7,1))) -> 38660 | G9: =INDEX(Acts!$D:$D,MATCH(B9,Acts!$B:$B,0)) -> 31468 | H9: =IF(F9>G9,"yes","no") -> yes | I9: unknown | K9: =IF(J9="","no","yes") -> no | M9: =IF(L9="",0,IF(L9="Gold",0.5,IF(L9="Platinum",1,IF(L9="Diamond",10,IF(ISNUMBER(FIND("×",L9)),VALUE(LEFT(L9,FIND("×",L9)-1)),0))))) -> 0 | N9: https://en.wikipedia.org/wiki/A-ha_discography | O9: US dash in discography; album page (https://en.wikipedia.org/wiki/Analogue_(album)) gives no US release, Billboard 200 or RIAA info. Memorial Beach page says Memorial Beach (1993) was the band's last album released in the US, suggesting no US release, but this album's own page does not say so
A10: E012 | B10: a-ha | C10: Foot of the Mountain | D10: 2009-06-12 | E10: =VALUE(LEFT(D10,4)) -> 2009 | F10: =IF(LEN(D10)=10,DATE(VALUE(LEFT(D10,4)),VALUE(MID(D10,6,2)),VALUE(RIGHT(D10,2))),IF(LEN(D10)=7,DATE(VALUE(LEFT(D10,4)),VALUE(MID(D10,6,2)),15),DATE(VALUE(LEFT(D10,4)),7,1))) -> 39976 | G10: =INDEX(Acts!$D:$D,MATCH(B10,Acts!$B:$B,0)) -> 31468 | H10: =IF(F10>G10,"yes","no") -> yes | I10: unknown | K10: =IF(J10="","no","yes") -> no | M10: =IF(L10="",0,IF(L10="Gold",0.5,IF(L10="Platinum",1,IF(L10="Diamond",10,IF(ISNUMBER(FIND("×",L10)),VALUE(LEFT(L10,FIND("×",L10)-1)),0))))) -> 0 | N10: https://en.wikipedia.org/wiki/A-ha_discography | O10: US dash in discography; album page (https://en.wikipedia.org/wiki/Foot_of_the_Mountain) gives no US release, Billboard 200 or RIAA info. Memorial Beach page says Memorial Beach (1993) was the band's last album released in the US, suggesting no US release, but this album's own page does not say so
A11: E015 | B11: a-ha | C11: Cast in Steel | D11: 2015-09-04 | E11: =VALUE(LEFT(D11,4)) -> 2015 | F11: =IF(LEN(D11)=10,DATE(VALUE(LEFT(D11,4)),VALUE(MID(D11,6,2)),VALUE(RIGHT(D11,2))),IF(LEN(D11)=7,DATE(VALUE(LEFT(D11,4)),VALUE(MID(D11,6,2)),15),DATE(VALUE(LEFT(D11,4)),7,1))) -> 42251 | G11: =INDEX(Acts!$D:$D,MATCH(B11,Acts!$B:$B,0)) -> 31468 | H11: =IF(F11>G11,"yes","no") -> yes | I11: unknown | K11: =IF(J11="","no","yes") -> no | M11: =IF(L11="",0,IF(L11="Gold",0.5,IF(L11="Platinum",1,IF(L11="Diamond",10,IF(ISNUMBER(FIND("×",L11)),VALUE(LEFT(L11,FIND("×",L11)-1)),0))))) -> 0 | N11: https://en.wikipedia.org/wiki/A-ha_discography | O11: US dash in discography; album page (https://en.wikipedia.org/wiki/Cast_in_Steel) gives no US release, Billboard 200 or RIAA info. Memorial Beach page says Memorial Beach (1993) was the band's last album released in the US, suggesting no US release, but this album's own page does not say so
A12: E016 | B12: a-ha | C12: True North | D12: 2022-10-21 | E12: =VALUE(LEFT(D12,4)) -> 2022 | F12: =IF(LEN(D12)=10,DATE(VALUE(LEFT(D12,4)),VALUE(MID(D12,6,2)),VALUE(RIGHT(D12,2))),IF(LEN(D12)=7,DATE(VALUE(LEFT(D12,4)),VALUE(MID(D12,6,2)),15),DATE(VALUE(LEFT(D12,4)),7,1))) -> 44855 | G12: =INDEX(Acts!$D:$D,MATCH(B12,Acts!$B:$B,0)) -> 31468 | H12: =IF(F12>G12,"yes","no") -> yes | I12: unknown | K12: =IF(J12="","no","yes") -> no | M12: =IF(L12="",0,IF(L12="Gold",0.5,IF(L12="Platinum",1,IF(L12="Diamond",10,IF(ISNUMBER(FIND("×",L12)),VALUE(LEFT(L12,FIND("×",L12)-1)),0))))) -> 0 | N12: https://en.wikipedia.org/wiki/A-ha_discography | O12: US dash in discography; album page (https://en.wikipedia.org/wiki/True_North_(A-ha_album)) gives no US release, Billboard 200 or RIAA info. Memorial Beach page says Memorial Beach (1993) was the band's last album released in the US, suggesting no US release, but this album's own page does not say so
A13: E017 | B13: Adam and the Ants | C13: Dirk Wears White Sox | D13: 1979-11-30 | E13: =VALUE(LEFT(D13,4)) -> 1979 | F13: =IF(LEN(D13)=10,DATE(VALUE(LEFT(D13,4)),VALUE(MID(D13,6,2)),VALUE(RIGHT(D13,2))),IF(LEN(D13)=7,DATE(VALUE(LEFT(D13,4)),VALUE(MID(D13,6,2)),15),DATE(VALUE(LEFT(D13,4)),7,1))) -> 29189 | G13: =INDEX(Acts!$D:$D,MATCH(B13,Acts!$B:$B,0)) -> 30006 | H13: =IF(F13>G13,"yes","no") -> no | I13: yes | K13: =IF(J13="","no","yes") -> no | M13: =IF(L13="",0,IF(L13="Gold",0.5,IF(L13="Platinum",1,IF(L13="Diamond",10,IF(ISNUMBER(FIND("×",L13)),VALUE(LEFT(L13,FIND("×",L13)-1)),0))))) -> 0 | N13: https://en.wikipedia.org/wiki/Dirk_Wears_White_Sox | O13: No US chart position or RIAA cert on discography (US column dash) or album page; album page states it was reissued in the United States in 1983
A14: E018 | B14: Adam and the Ants | C14: Kings of the Wild Frontier | D14: 1980-11-07 | E14: =VALUE(LEFT(D14,4)) -> 1980 | F14: =IF(LEN(D14)=10,DATE(VALUE(LEFT(D14,4)),VALUE(MID(D14,6,2)),VALUE(RIGHT(D14,2))),IF(LEN(D14)=7,DATE(VALUE(LEFT(D14,4)),VALUE(MID(D14,6,2)),15),DATE(VALUE(LEFT(D14,4)),7,1))) -> 29532 | G14: =INDEX(Acts!$D:$D,MATCH(B14,Acts!$B:$B,0)) -> 30006 | H14: =IF(F14>G14,"yes","no") -> no | I14: yes | J14: 44 | K14: =IF(J14="","no","yes") -> yes | L14: Gold | M14: =IF(L14="",0,IF(L14="Gold",0.5,IF(L14="Platinum",1,IF(L14="Diamond",10,IF(ISNUMBER(FIND("×",L14)),VALUE(LEFT(L14,FIND("×",L14)-1)),0))))) -> 0.5 | N14: https://en.wikipedia.org/wiki/Adam_Ant_discography | O14: Peak 44 and RIAA Gold confirmed on album page https://en.wikipedia.org/wiki/Kings_of_the_Wild_Frontier
A15: E019 | B15: Adam and the Ants | C15: Prince Charming | D15: 1981-11-06 | E15: =VALUE(LEFT(D15,4)) -> 1981 | F15: =IF(LEN(D15)=10,DATE(VALUE(LEFT(D15,4)),VALUE(MID(D15,6,2)),VALUE(RIGHT(D15,2))),IF(LEN(D15)=7,DATE(VALUE(LEFT(D15,4)),VALUE(MID(D15,6,2)),15),DATE(VALUE(LEFT(D15,4)),7,1))) -> 29896 | G15: =INDEX(Acts!$D:$D,MATCH(B15,Acts!$B:$B,0)) -> 30006 | H15: =IF(F15>G15,"yes","no") -> no | I15: yes | J15: 94 | K15: =IF(J15="","no","yes") -> yes | M15: =IF(L15="",0,IF(L15="Gold",0.5,IF(L15="Platinum",1,IF(L15="Diamond",10,IF(ISNUMBER(FIND("×",L15)),VALUE(LEFT(L15,FIND("×",L15)-1)),0))))) -> 0 | N15: https://en.wikipedia.org/wiki/Adam_Ant_discography | O15: Peak 94 confirmed on album page https://en.wikipedia.org/wiki/Prince_Charming_(album); no certifications table there
A16: E022 | B16: Amy Holland | C16: Amy Holland | D16: 1980 | E16: =VALUE(LEFT(D16,4)) -> 1980 | F16: =IF(LEN(D16)=10,DATE(VALUE(LEFT(D16,4)),VALUE(MID(D16,6,2)),VALUE(RIGHT(D16,2))),IF(LEN(D16)=7,DATE(VALUE(LEFT(D16,4)),VALUE(MID(D16,6,2)),15),DATE(VALUE(LEFT(D16,4)),7,1))) -> 29403 | G16: =INDEX(Acts!$D:$D,MATCH(B16,Acts!$B:$B,0)) -> 29642 | H16: =IF(F16>G16,"yes","no") -> no | I16: yes | J16: 146 | K16: =IF(J16="","no","yes") -> yes | M16: =IF(L16="",0,IF(L16="Gold",0.5,IF(L16="Platinum",1,IF(L16="Diamond",10,IF(ISNUMBER(FIND("×",L16)),VALUE(LEFT(L16,FIND("×",L16)-1)),0))))) -> 0 | N16: https://en.wikipedia.org/wiki/Amy_Holland | O16: Artist page discography line reads "Amy Holland (Capitol, 1980) U.S. #146" with no chart named and no citation; album page has no charts table. Taken as Billboard 200 (Top LPs & Tape) since 146 exceeds the length of US genre album charts of the time, but could not be confirmed on Billboard (site not reachable). Treat as moderately uncertain.
A17: E024 | B17: Amy Holland | C17: On Your Every Word | D17: 1983 | E17: =VALUE(LEFT(D17,4)) -> 1983 | F17: =IF(LEN(D17)=10,DATE(VALUE(LEFT(D17,4)),VALUE(MID(D17,6,2)),VALUE(RIGHT(D17,2))),IF(LEN(D17)=7,DATE(VALUE(LEFT(D17,4)),VALUE(MID(D17,6,2)),15),DATE(VALUE(LEFT(D17,4)),7,1))) -> 30498 | G17: =INDEX(Acts!$D:$D,MATCH(B17,Acts!$B:$B,0)) -> 29642 | H17: =IF(F17>G17,"yes","no") -> yes | I17: unknown | K17: =IF(J17="","no","yes") -> no | M17: =IF(L17="",0,IF(L17="Gold",0.5,IF(L17="Platinum",1,IF(L17="Diamond",10,IF(ISNUMBER(FIND("×",L17)),VALUE(LEFT(L17,FIND("×",L17)-1)),0))))) -> 0 | N17: https://en.wikipedia.org/wiki/On_Your_Every_Word | O17: No US chart position or RIAA certification given on artist page or album page (Capitol Records, 1983); no explicit statement of US release, so left unknown. Artist page discography gives no chart figure for it, so treated as not charting (null).
A18: E025 | B18: Amy Holland | C18: The Journey to Miracle River | D18: 2008-09-15 | E18: =VALUE(LEFT(D18,4)) -> 2008 | F18: =IF(LEN(D18)=10,DATE(VALUE(LEFT(D18,4)),VALUE(MID(D18,6,2)),VALUE(RIGHT(D18,2))),IF(LEN(D18)=7,DATE(VALUE(LEFT(D18,4)),VALUE(MID(D18,6,2)),15),DATE(VALUE(LEFT(D18,4)),7,1))) -> 39706 | G18: =INDEX(Acts!$D:$D,MATCH(B18,Acts!$B:$B,0)) -> 29642 | H18: =IF(F18>G18,"yes","no") -> yes | I18: unknown | K18: =IF(J18="","no","yes") -> no | M18: =IF(L18="",0,IF(L18="Gold",0.5,IF(L18="Platinum",1,IF(L18="Diamond",10,IF(ISNUMBER(FIND("×",L18)),VALUE(LEFT(L18,FIND("×",L18)-1)),0))))) -> 0 | N18: https://en.wikipedia.org/wiki/The_Journey_to_Miracle_River | O18: No US chart position or RIAA certification on artist or album page (Chonin Records, 15 Sep 2008); no statement about US release.
A19: E026 | B19: Amy Holland | C19: Light on My Path | D19: 2016-05-23 | E19: =VALUE(LEFT(D19,4)) -> 2016 | F19: =IF(LEN(D19)=10,DATE(VALUE(LEFT(D19,4)),VALUE(MID(D19,6,2)),VALUE(RIGHT(D19,2))),IF(LEN(D19)=7,DATE(VALUE(LEFT(D19,4)),VALUE(MID(D19,6,2)),15),DATE(VALUE(LEFT(D19,4)),7,1))) -> 42513 | G19: =INDEX(Acts!$D:$D,MATCH(B19,Acts!$B:$B,0)) -> 29642 | H19: =IF(F19>G19,"yes","no") -> yes | I19: unknown | K19: =IF(J19="","no","yes") -> no | M19: =IF(L19="",0,IF(L19="Gold",0.5,IF(L19="Platinum",1,IF(L19="Diamond",10,IF(ISNUMBER(FIND("×",L19)),VALUE(LEFT(L19,FIND("×",L19)-1)),0))))) -> 0 | N19: https://en.wikipedia.org/wiki/Amy_Holland | O19: No US chart position or RIAA certification on artist page (Chonin, 2016); no statement about US release.
A20: E027 | B20: Asia | C20: Asia | D20: 1982-03-18 | E20: =VALUE(LEFT(D20,4)) -> 1982 | F20: =IF(LEN(D20)=10,DATE(VALUE(LEFT(D20,4)),VALUE(MID(D20,6,2)),VALUE(RIGHT(D20,2))),IF(LEN(D20)=7,DATE(VALUE(LEFT(D20,4)),VALUE(MID(D20,6,2)),15),DATE(VALUE(LEFT(D20,4)),7,1))) -> 30028 | G20: =INDEX(Acts!$D:$D,MATCH(B20,Acts!$B:$B,0)) -> 30370 | H20: =IF(F20>G20,"yes","no") -> no | I20: yes | J20: 1 | K20: =IF(J20="","no","yes") -> yes | L20: 4× Platinum | M20: =IF(L20="",0,IF(L20="Gold",0.5,IF(L20="Platinum",1,IF(L20="Diamond",10,IF(ISNUMBER(FIND("×",L20)),VALUE(LEFT(L20,FIND("×",L20)-1)),0))))) -> 4 | N20: https://en.wikipedia.org/wiki/Asia_discography
A21: E029 | B21: Asia | C21: Alpha | D21: 1983-08-12 | E21: =VALUE(LEFT(D21,4)) -> 1983 | F21: =IF(LEN(D21)=10,DATE(VALUE(LEFT(D21,4)),VALUE(MID(D21,6,2)),VALUE(RIGHT(D21,2))),IF(LEN(D21)=7,DATE(VALUE(LEFT(D21,4)),VALUE(MID(D21,6,2)),15),DATE(VALUE(LEFT(D21,4)),7,1))) -> 30540 | G21: =INDEX(Acts!$D:$D,MATCH(B21,Acts!$B:$B,0)) -> 30370 | H21: =IF(F21>G21,"yes","no") -> yes | I21: yes | J21: 6 | K21: =IF(J21="","no","yes") -> yes | L21: Platinum | M21: =IF(L21="",0,IF(L21="Gold",0.5,IF(L21="Platinum",1,IF(L21="Diamond",10,IF(ISNUMBER(FIND("×",L21)),VALUE(LEFT(L21,FIND("×",L21)-1)),0))))) -> 1 | N21: https://en.wikipedia.org/wiki/Asia_discography
A22: E030 | B22: Asia | C22: Astra | D22: 1985-11-11 | E22: =VALUE(LEFT(D22,4)) -> 1985 | F22: =IF(LEN(D22)=10,DATE(VALUE(LEFT(D22,4)),VALUE(MID(D22,6,2)),VALUE(RIGHT(D22,2))),IF(LEN(D22)=7,DATE(VALUE(LEFT(D22,4)),VALUE(MID(D22,6,2)),15),DATE(VALUE(LEFT(D22,4)),7,1))) -> 31362 | G22: =INDEX(Acts!$D:$D,MATCH(B22,Acts!$B:$B,0)) -> 30370 | H22: =IF(F22>G22,"yes","no") -> yes | I22: yes | J22: 67 | K22: =IF(J22="","no","yes") -> yes | M22: =IF(L22="",0,IF(L22="Gold",0.5,IF(L22="Platinum",1,IF(L22="Diamond",10,IF(ISNUMBER(FIND("×",L22)),VALUE(LEFT(L22,FIND("×",L22)-1)),0))))) -> 0 | N22: https://en.wikipedia.org/wiki/Asia_discography
A23: E033 | B23: Asia | C23: Aqua | D23: 1992-06-08 | E23: =VALUE(LEFT(D23,4)) -> 1992 | F23: =IF(LEN(D23)=10,DATE(VALUE(LEFT(D23,4)),VALUE(MID(D23,6,2)),VALUE(RIGHT(D23,2))),IF(LEN(D23)=7,DATE(VALUE(LEFT(D23,4)),VALUE(MID(D23,6,2)),15),DATE(VALUE(LEFT(D23,4)),7,1))) -> 33763 | G23: =INDEX(Acts!$D:$D,MATCH(B23,Acts!$B:$B,0)) -> 30370 | H23: =IF(F23>G23,"yes","no") -> yes | I23: yes | K23: =IF(J23="","no","yes") -> no | M23: =IF(L23="",0,IF(L23="Gold",0.5,IF(L23="Platinum",1,IF(L23="Diamond",10,IF(ISNUMBER(FIND("×",L23)),VALUE(LEFT(L23,FIND("×",L23)-1)),0))))) -> 0 | N23: https://en.wikipedia.org/wiki/Aqua_(Asia_album) | O23: Dash in US column of discography; album page: released 15 September 1992 in the United States by Great Pyramid Records.
A24: E034 | B24: Asia | C24: Aria | D24: 1994-06-13 | E24: =VALUE(LEFT(D24,4)) -> 1994 | F24: =IF(LEN(D24)=10,DATE(VALUE(LEFT(D24,4)),VALUE(MID(D24,6,2)),VALUE(RIGHT(D24,2))),IF(LEN(D24)=7,DATE(VALUE(LEFT(D24,4)),VALUE(MID(D24,6,2)),15),DATE(VALUE(LEFT(D24,4)),7,1))) -> 34498 | G24: =INDEX(Acts!$D:$D,MATCH(B24,Acts!$B:$B,0)) -> 30370 | H24: =IF(F24>G24,"yes","no") -> yes | I24: yes | K24: =IF(J24="","no","yes") -> no | M24: =IF(L24="",0,IF(L24="Gold",0.5,IF(L24="Platinum",1,IF(L24="Diamond",10,IF(ISNUMBER(FIND("×",L24)),VALUE(LEFT(L24,FIND("×",L24)-1)),0))))) -> 0 | N24: https://en.wikipedia.org/wiki/Aria_(Asia_album) | O24: Dash in US column of discography; album page: released in 1995 in the United States by Mayhem Recordings.
A25: E035 | B25: Asia | C25: Arena | D25: 1996-03-11 | E25: =VALUE(LEFT(D25,4)) -> 1996 | F25: =IF(LEN(D25)=10,DATE(VALUE(LEFT(D25,4)),VALUE(MID(D25,6,2)),VALUE(RIGHT(D25,2))),IF(LEN(D25)=7,DATE(VALUE(LEFT(D25,4)),VALUE(MID(D25,6,2)),15),DATE(VALUE(LEFT(D25,4)),7,1))) -> 35135 | G25: =INDEX(Acts!$D:$D,MATCH(B25,Acts!$B:$B,0)) -> 30370 | H25: =IF(F25>G25,"yes","no") -> yes | I25: unknown | K25: =IF(J25="","no","yes") -> no | M25: =IF(L25="",0,IF(L25="Gold",0.5,IF(L25="Platinum",1,IF(L25="Diamond",10,IF(ISNUMBER(FIND("×",L25)),VALUE(LEFT(L25,FIND("×",L25)-1)),0))))) -> 0 | N25: https://en.wikipedia.org/wiki/Arena_(Asia_album) | O25: Dash in US column of discography; album page names only Bullet Proof (UK) and reissue labels; band page says it was released on Resurgence Records. No statement on a US release.
A26: E036 | B26: Asia | C26: Aura | D26: 2001-01-31 | E26: =VALUE(LEFT(D26,4)) -> 2001 | F26: =IF(LEN(D26)=10,DATE(VALUE(LEFT(D26,4)),VALUE(MID(D26,6,2)),VALUE(RIGHT(D26,2))),IF(LEN(D26)=7,DATE(VALUE(LEFT(D26,4)),VALUE(MID(D26,6,2)),15),DATE(VALUE(LEFT(D26,4)),7,1))) -> 36922 | G26: =INDEX(Acts!$D:$D,MATCH(B26,Acts!$B:$B,0)) -> 30370 | H26: =IF(F26>G26,"yes","no") -> yes | I26: yes | K26: =IF(J26="","no","yes") -> no | M26: =IF(L26="",0,IF(L26="Gold",0.5,IF(L26="Platinum",1,IF(L26="Diamond",10,IF(ISNUMBER(FIND("×",L26)),VALUE(LEFT(L26,FIND("×",L26)-1)),0))))) -> 0 | N26: https://en.wikipedia.org/wiki/Aura_(Asia_album) | O26: Dash in US column of discography; album page: in the United States the album was issued by Windstorm Records.
A27: E037 | B27: Asia | C27: Silent Nation | D27: 2004-08-31 | E27: =VALUE(LEFT(D27,4)) -> 2004 | F27: =IF(LEN(D27)=10,DATE(VALUE(LEFT(D27,4)),VALUE(MID(D27,6,2)),VALUE(RIGHT(D27,2))),IF(LEN(D27)=7,DATE(VALUE(LEFT(D27,4)),VALUE(MID(D27,6,2)),15),DATE(VALUE(LEFT(D27,4)),7,1))) -> 38230 | G27: =INDEX(Acts!$D:$D,MATCH(B27,Acts!$B:$B,0)) -> 30370 | H27: =IF(F27>G27,"yes","no") -> yes | I27: unknown | K27: =IF(J27="","no","yes") -> no | M27: =IF(L27="",0,IF(L27="Gold",0.5,IF(L27="Platinum",1,IF(L27="Diamond",10,IF(ISNUMBER(FIND("×",L27)),VALUE(LEFT(L27,FIND("×",L27)-1)),0))))) -> 0 | N27: https://en.wikipedia.org/wiki/Silent_Nation | O27: Dash in US column of discography; album page gives Inside Out Music and Japan (Victor) releases only, no statement on US release.
A28: E038 | B28: Asia | C28: Phoenix | D28: 2008-04-11 | E28: =VALUE(LEFT(D28,4)) -> 2008 | F28: =IF(LEN(D28)=10,DATE(VALUE(LEFT(D28,4)),VALUE(MID(D28,6,2)),VALUE(RIGHT(D28,2))),IF(LEN(D28)=7,DATE(VALUE(LEFT(D28,4)),VALUE(MID(D28,6,2)),15),DATE(VALUE(LEFT(D28,4)),7,1))) -> 39549 | G28: =INDEX(Acts!$D:$D,MATCH(B28,Acts!$B:$B,0)) -> 30370 | H28: =IF(F28>G28,"yes","no") -> yes | I28: yes | J28: 73 | K28: =IF(J28="","no","yes") -> yes | M28: =IF(L28="",0,IF(L28="Gold",0.5,IF(L28="Platinum",1,IF(L28="Diamond",10,IF(ISNUMBER(FIND("×",L28)),VALUE(LEFT(L28,FIND("×",L28)-1)),0))))) -> 0 | N28: https://en.wikipedia.org/wiki/Asia_discography
A29: E039 | B29: Asia | C29: Omega | D29: 2010-04-21 | E29: =VALUE(LEFT(D29,4)) -> 2010 | F29: =IF(LEN(D29)=10,DATE(VALUE(LEFT(D29,4)),VALUE(MID(D29,6,2)),VALUE(RIGHT(D29,2))),IF(LEN(D29)=7,DATE(VALUE(LEFT(D29,4)),VALUE(MID(D29,6,2)),15),DATE(VALUE(LEFT(D29,4)),7,1))) -> 40289 | G29: =INDEX(Acts!$D:$D,MATCH(B29,Acts!$B:$B,0)) -> 30370 | H29: =IF(F29>G29,"yes","no") -> yes | I29: unknown | K29: =IF(J29="","no","yes") -> no | M29: =IF(L29="",0,IF(L29="Gold",0.5,IF(L29="Platinum",1,IF(L29="Diamond",10,IF(ISNUMBER(FIND("×",L29)),VALUE(LEFT(L29,FIND("×",L29)-1)),0))))) -> 0 | N29: https://en.wikipedia.org/wiki/Omega_(Asia_album) | O29: Dash in US column of discography; album page gives Japan (21 April 2010) and Europe (23 April 2010) releases and says it failed to chart in the UK and US, but does not state a US release.
A30: E040 | B30: Asia | C30: XXX | D30: 2012-06-20 | E30: =VALUE(LEFT(D30,4)) -> 2012 | F30: =IF(LEN(D30)=10,DATE(VALUE(LEFT(D30,4)),VALUE(MID(D30,6,2)),VALUE(RIGHT(D30,2))),IF(LEN(D30)=7,DATE(VALUE(LEFT(D30,4)),VALUE(MID(D30,6,2)),15),DATE(VALUE(LEFT(D30,4)),7,1))) -> 41080 | G30: =INDEX(Acts!$D:$D,MATCH(B30,Acts!$B:$B,0)) -> 30370 | H30: =IF(F30>G30,"yes","no") -> yes | I30: yes | J30: 134 | K30: =IF(J30="","no","yes") -> yes | M30: =IF(L30="",0,IF(L30="Gold",0.5,IF(L30="Platinum",1,IF(L30="Diamond",10,IF(ISNUMBER(FIND("×",L30)),VALUE(LEFT(L30,FIND("×",L30)-1)),0))))) -> 0 | N30: https://en.wikipedia.org/wiki/Asia_discography
A31: E041 | B31: Asia | C31: Gravitas | D31: 2014-03-21 | E31: =VALUE(LEFT(D31,4)) -> 2014 | F31: =IF(LEN(D31)=10,DATE(VALUE(LEFT(D31,4)),VALUE(MID(D31,6,2)),VALUE(RIGHT(D31,2))),IF(LEN(D31)=7,DATE(VALUE(LEFT(D31,4)),VALUE(MID(D31,6,2)),15),DATE(VALUE(LEFT(D31,4)),7,1))) -> 41719 | G31: =INDEX(Acts!$D:$D,MATCH(B31,Acts!$B:$B,0)) -> 30370 | H31: =IF(F31>G31,"yes","no") -> yes | I31: yes | J31: 159 | K31: =IF(J31="","no","yes") -> yes | M31: =IF(L31="",0,IF(L31="Gold",0.5,IF(L31="Platinum",1,IF(L31="Diamond",10,IF(ISNUMBER(FIND("×",L31)),VALUE(LEFT(L31,FIND("×",L31)-1)),0))))) -> 0 | N31: https://en.wikipedia.org/wiki/Asia_discography
A32: E042 | B32: Big Country | C32: The Crossing | D32: 1983-07-29 | E32: =VALUE(LEFT(D32,4)) -> 1983 | F32: =IF(LEN(D32)=10,DATE(VALUE(LEFT(D32,4)),VALUE(MID(D32,6,2)),VALUE(RIGHT(D32,2))),IF(LEN(D32)=7,DATE(VALUE(LEFT(D32,4)),VALUE(MID(D32,6,2)),15),DATE(VALUE(LEFT(D32,4)),7,1))) -> 30526 | G32: =INDEX(Acts!$D:$D,MATCH(B32,Acts!$B:$B,0)) -> 30740 | H32: =IF(F32>G32,"yes","no") -> no | I32: yes | J32: 18 | K32: =IF(J32="","no","yes") -> yes | L32: Gold | M32: =IF(L32="",0,IF(L32="Gold",0.5,IF(L32="Platinum",1,IF(L32="Diamond",10,IF(ISNUMBER(FIND("×",L32)),VALUE(LEFT(L32,FIND("×",L32)-1)),0))))) -> 0.5 | N32: https://en.wikipedia.org/wiki/Big_Country_discography
A33: E044 | B33: Big Country | C33: Steeltown | D33: 1984-10-19 | E33: =VALUE(LEFT(D33,4)) -> 1984 | F33: =IF(LEN(D33)=10,DATE(VALUE(LEFT(D33,4)),VALUE(MID(D33,6,2)),VALUE(RIGHT(D33,2))),IF(LEN(D33)=7,DATE(VALUE(LEFT(D33,4)),VALUE(MID(D33,6,2)),15),DATE(VALUE(LEFT(D33,4)),7,1))) -> 30974 | G33: =INDEX(Acts!$D:$D,MATCH(B33,Acts!$B:$B,0)) -> 30740 | H33: =IF(F33>G33,"yes","no") -> yes | I33: yes | J33: 70 | K33: =IF(J33="","no","yes") -> yes | M33: =IF(L33="",0,IF(L33="Gold",0.5,IF(L33="Platinum",1,IF(L33="Diamond",10,IF(ISNUMBER(FIND("×",L33)),VALUE(LEFT(L33,FIND("×",L33)-1)),0))))) -> 0 | N33: https://en.wikipedia.org/wiki/Big_Country_discography
A34: E045 | B34: Big Country | C34: The Seer | D34: 1986-06-30 | E34: =VALUE(LEFT(D34,4)) -> 1986 | F34: =IF(LEN(D34)=10,DATE(VALUE(LEFT(D34,4)),VALUE(MID(D34,6,2)),VALUE(RIGHT(D34,2))),IF(LEN(D34)=7,DATE(VALUE(LEFT(D34,4)),VALUE(MID(D34,6,2)),15),DATE(VALUE(LEFT(D34,4)),7,1))) -> 31593 | G34: =INDEX(Acts!$D:$D,MATCH(B34,Acts!$B:$B,0)) -> 30740 | H34: =IF(F34>G34,"yes","no") -> yes | I34: yes | J34: 59 | K34: =IF(J34="","no","yes") -> yes | M34: =IF(L34="",0,IF(L34="Gold",0.5,IF(L34="Platinum",1,IF(L34="Diamond",10,IF(ISNUMBER(FIND("×",L34)),VALUE(LEFT(L34,FIND("×",L34)-1)),0))))) -> 0 | N34: https://en.wikipedia.org/wiki/Big_Country_discography
A35: E046 | B35: Big Country | C35: Peace in Our Time | D35: 1988-09-26 | E35: =VALUE(LEFT(D35,4)) -> 1988 | F35: =IF(LEN(D35)=10,DATE(VALUE(LEFT(D35,4)),VALUE(MID(D35,6,2)),VALUE(RIGHT(D35,2))),IF(LEN(D35)=7,DATE(VALUE(LEFT(D35,4)),VALUE(MID(D35,6,2)),15),DATE(VALUE(LEFT(D35,4)),7,1))) -> 32412 | G35: =INDEX(Acts!$D:$D,MATCH(B35,Acts!$B:$B,0)) -> 30740 | H35: =IF(F35>G35,"yes","no") -> yes | I35: yes | J35: 160 | K35: =IF(J35="","no","yes") -> yes | M35: =IF(L35="",0,IF(L35="Gold",0.5,IF(L35="Platinum",1,IF(L35="Diamond",10,IF(ISNUMBER(FIND("×",L35)),VALUE(LEFT(L35,FIND("×",L35)-1)),0))))) -> 0 | N35: https://en.wikipedia.org/wiki/Big_Country_discography
A36: E047 | B36: Big Country | C36: No Place Like Home | D36: 1991-09-16 | E36: =VALUE(LEFT(D36,4)) -> 1991 | F36: =IF(LEN(D36)=10,DATE(VALUE(LEFT(D36,4)),VALUE(MID(D36,6,2)),VALUE(RIGHT(D36,2))),IF(LEN(D36)=7,DATE(VALUE(LEFT(D36,4)),VALUE(MID(D36,6,2)),15),DATE(VALUE(LEFT(D36,4)),7,1))) -> 33497 | G36: =INDEX(Acts!$D:$D,MATCH(B36,Acts!$B:$B,0)) -> 30740 | H36: =IF(F36>G36,"yes","no") -> yes | I36: unknown | K36: =IF(J36="","no","yes") -> no | M36: =IF(L36="",0,IF(L36="Gold",0.5,IF(L36="Platinum",1,IF(L36="Diamond",10,IF(ISNUMBER(FIND("×",L36)),VALUE(LEFT(L36,FIND("×",L36)-1)),0))))) -> 0 | N36: https://en.wikipedia.org/wiki/Big_Country_discography | O36: US dash in discography; album page gives no US release info (Vertigo, UK); not determinable
A37: E048 | B37: Big Country | C37: The Buffalo Skinners | D37: 1993-03-22 | E37: =VALUE(LEFT(D37,4)) -> 1993 | F37: =IF(LEN(D37)=10,DATE(VALUE(LEFT(D37,4)),VALUE(MID(D37,6,2)),VALUE(RIGHT(D37,2))),IF(LEN(D37)=7,DATE(VALUE(LEFT(D37,4)),VALUE(MID(D37,6,2)),15),DATE(VALUE(LEFT(D37,4)),7,1))) -> 34050 | G37: =INDEX(Acts!$D:$D,MATCH(B37,Acts!$B:$B,0)) -> 30740 | H37: =IF(F37>G37,"yes","no") -> yes | I37: yes | K37: =IF(J37="","no","yes") -> no | M37: =IF(L37="",0,IF(L37="Gold",0.5,IF(L37="Platinum",1,IF(L37="Diamond",10,IF(ISNUMBER(FIND("×",L37)),VALUE(LEFT(L37,FIND("×",L37)-1)),0))))) -> 0 | N37: https://en.wikipedia.org/wiki/The_Buffalo_Skinners | O37: Discography US dash (no Billboard 200 peak); album page lists US label Compulsion/Fox; charted only on Radio & Records AOR/New Rock charts (not Billboard 200); no RIAA cert
A38: E049 | B38: Big Country | C38: Why the Long Face | D38: 1995-06-12 | E38: =VALUE(LEFT(D38,4)) -> 1995 | F38: =IF(LEN(D38)=10,DATE(VALUE(LEFT(D38,4)),VALUE(MID(D38,6,2)),VALUE(RIGHT(D38,2))),IF(LEN(D38)=7,DATE(VALUE(LEFT(D38,4)),VALUE(MID(D38,6,2)),15),DATE(VALUE(LEFT(D38,4)),7,1))) -> 34862 | G38: =INDEX(Acts!$D:$D,MATCH(B38,Acts!$B:$B,0)) -> 30740 | H38: =IF(F38>G38,"yes","no") -> yes | I38: yes | K38: =IF(J38="","no","yes") -> no | M38: =IF(L38="",0,IF(L38="Gold",0.5,IF(L38="Platinum",1,IF(L38="Diamond",10,IF(ISNUMBER(FIND("×",L38)),VALUE(LEFT(L38,FIND("×",L38)-1)),0))))) -> 0 | N38: https://en.wikipedia.org/wiki/Why_the_Long_Face_(album) | O38: Discography US dash (no Billboard 200 peak); album page lists US label Pure and a US CD release; no RIAA cert
A39: E050 | B39: Big Country | C39: Driving to Damascus | D39: 1999-08-23 | E39: =VALUE(LEFT(D39,4)) -> 1999 | F39: =IF(LEN(D39)=10,DATE(VALUE(LEFT(D39,4)),VALUE(MID(D39,6,2)),VALUE(RIGHT(D39,2))),IF(LEN(D39)=7,DATE(VALUE(LEFT(D39,4)),VALUE(MID(D39,6,2)),15),DATE(VALUE(LEFT(D39,4)),7,1))) -> 36395 | G39: =INDEX(Acts!$D:$D,MATCH(B39,Acts!$B:$B,0)) -> 30740 | H39: =IF(F39>G39,"yes","no") -> yes | I39: unknown | K39: =IF(J39="","no","yes") -> no | M39: =IF(L39="",0,IF(L39="Gold",0.5,IF(L39="Platinum",1,IF(L39="Diamond",10,IF(ISNUMBER(FIND("×",L39)),VALUE(LEFT(L39,FIND("×",L39)-1)),0))))) -> 0 | N39: https://en.wikipedia.org/wiki/Big_Country_discography | O39: US dash in discography (did not chart or not released); no RIAA cert; US release status not checked (time limit)
A40: E055 | B40: Big Country | C40: The Journey | D40: 2013-04-08 | E40: =VALUE(LEFT(D40,4)) -> 2013 | F40: =IF(LEN(D40)=10,DATE(VALUE(LEFT(D40,4)),VALUE(MID(D40,6,2)),VALUE(RIGHT(D40,2))),IF(LEN(D40)=7,DATE(VALUE(LEFT(D40,4)),VALUE(MID(D40,6,2)),15),DATE(VALUE(LEFT(D40,4)),7,1))) -> 41372 | G40: =INDEX(Acts!$D:$D,MATCH(B40,Acts!$B:$B,0)) -> 30740 | H40: =IF(F40>G40,"yes","no") -> yes | I40: unknown | K40: =IF(J40="","no","yes") -> no | M40: =IF(L40="",0,IF(L40="Gold",0.5,IF(L40="Platinum",1,IF(L40="Diamond",10,IF(ISNUMBER(FIND("×",L40)),VALUE(LEFT(L40,FIND("×",L40)-1)),0))))) -> 0 | N40: https://en.wikipedia.org/wiki/Big_Country_discography | O40: US dash in discography (did not chart or not released); no RIAA cert; US release status not checked (time limit)
A41: E056 | B41: Breakfast Club | C41: Breakfast Club | D41: 1987 | E41: =VALUE(LEFT(D41,4)) -> 1987 | F41: =IF(LEN(D41)=10,DATE(VALUE(LEFT(D41,4)),VALUE(MID(D41,6,2)),VALUE(RIGHT(D41,2))),IF(LEN(D41)=7,DATE(VALUE(LEFT(D41,4)),VALUE(MID(D41,6,2)),15),DATE(VALUE(LEFT(D41,4)),7,1))) -> 31959 | G41: =INDEX(Acts!$D:$D,MATCH(B41,Acts!$B:$B,0)) -> 32204 | H41: =IF(F41>G41,"yes","no") -> no | I41: yes | J41: 43 | K41: =IF(J41="","no","yes") -> yes | M41: =IF(L41="",0,IF(L41="Gold",0.5,IF(L41="Platinum",1,IF(L41="Diamond",10,IF(ISNUMBER(FIND("×",L41)),VALUE(LEFT(L41,FIND("×",L41)-1)),0))))) -> 0 | N41: https://en.wikipedia.org/wiki/Breakfast_Club_(band) | O41: Band page chart table gives US 43 (the US albums chart column; page does not name the chart). No RIAA certification mentioned. Released on MCA.
A42: E060 | B42: Bruce Hornsby and the Range | C42: The Way It Is | D42: 1986-04 | E42: =VALUE(LEFT(D42,4)) -> 1986 | F42: =IF(LEN(D42)=10,DATE(VALUE(LEFT(D42,4)),VALUE(MID(D42,6,2)),VALUE(RIGHT(D42,2))),IF(LEN(D42)=7,DATE(VALUE(LEFT(D42,4)),VALUE(MID(D42,6,2)),15),DATE(VALUE(LEFT(D42,4)),7,1))) -> 31517 | G42: =INDEX(Acts!$D:$D,MATCH(B42,Acts!$B:$B,0)) -> 31832 | H42: =IF(F42>G42,"yes","no") -> no | I42: yes | J42: 3 | K42: =IF(J42="","no","yes") -> yes | L42: 3× Platinum | M42: =IF(L42="",0,IF(L42="Gold",0.5,IF(L42="Platinum",1,IF(L42="Diamond",10,IF(ISNUMBER(FIND("×",L42)),VALUE(LEFT(L42,FIND("×",L42)-1)),0))))) -> 3 | N42: https://en.wikipedia.org/wiki/Bruce_Hornsby_discography
A43: E063 | B43: Bruce Hornsby and the Range | C43: Scenes from the Southside | D43: 1988-05-03 | E43: =VALUE(LEFT(D43,4)) -> 1988 | F43: =IF(LEN(D43)=10,DATE(VALUE(LEFT(D43,4)),VALUE(MID(D43,6,2)),VALUE(RIGHT(D43,2))),IF(LEN(D43)=7,DATE(VALUE(LEFT(D43,4)),VALUE(MID(D43,6,2)),15),DATE(VALUE(LEFT(D43,4)),7,1))) -> 32266 | G43: =INDEX(Acts!$D:$D,MATCH(B43,Acts!$B:$B,0)) -> 31832 | H43: =IF(F43>G43,"yes","no") -> yes | I43: yes | J43: 5 | K43: =IF(J43="","no","yes") -> yes | L43: Platinum | M43: =IF(L43="",0,IF(L43="Gold",0.5,IF(L43="Platinum",1,IF(L43="Diamond",10,IF(ISNUMBER(FIND("×",L43)),VALUE(LEFT(L43,FIND("×",L43)-1)),0))))) -> 1 | N43: https://en.wikipedia.org/wiki/Bruce_Hornsby_discography
A44: E064 | B44: Bruce Hornsby and the Range | C44: A Night on the Town | D44: 1990-05-25 | E44: =VALUE(LEFT(D44,4)) -> 1990 | F44: =IF(LEN(D44)=10,DATE(VALUE(LEFT(D44,4)),VALUE(MID(D44,6,2)),VALUE(RIGHT(D44,2))),IF(LEN(D44)=7,DATE(VALUE(LEFT(D44,4)),VALUE(MID(D44,6,2)),15),DATE(VALUE(LEFT(D44,4)),7,1))) -> 33018 | G44: =INDEX(Acts!$D:$D,MATCH(B44,Acts!$B:$B,0)) -> 31832 | H44: =IF(F44>G44,"yes","no") -> yes | I44: yes | J44: 20 | K44: =IF(J44="","no","yes") -> yes | L44: Gold | M44: =IF(L44="",0,IF(L44="Gold",0.5,IF(L44="Platinum",1,IF(L44="Diamond",10,IF(ISNUMBER(FIND("×",L44)),VALUE(LEFT(L44,FIND("×",L44)-1)),0))))) -> 0.5 | N44: https://en.wikipedia.org/wiki/Bruce_Hornsby_discography
A45: E066 | B45: Christopher Cross | C45: Christopher Cross | D45: 1979-12-27 | E45: =VALUE(LEFT(D45,4)) -> 1979 | F45: =IF(LEN(D45)=10,DATE(VALUE(LEFT(D45,4)),VALUE(MID(D45,6,2)),VALUE(RIGHT(D45,2))),IF(LEN(D45)=7,DATE(VALUE(LEFT(D45,4)),VALUE(MID(D45,6,2)),15),DATE(VALUE(LEFT(D45,4)),7,1))) -> 29216 | G45: =INDEX(Acts!$D:$D,MATCH(B45,Acts!$B:$B,0)) -> 29642 | H45: =IF(F45>G45,"yes","no") -> no | I45: yes | J45: 6 | K45: =IF(J45="","no","yes") -> yes | L45: 5× Platinum | M45: =IF(L45="",0,IF(L45="Gold",0.5,IF(L45="Platinum",1,IF(L45="Diamond",10,IF(ISNUMBER(FIND("×",L45)),VALUE(LEFT(L45,FIND("×",L45)-1)),0))))) -> 5 | N45: https://en.wikipedia.org/wiki/Christopher_Cross | O45: Christopher_Cross_discography page not reachable; values from discography table on main Christopher Cross article
A46: E069 | B46: Christopher Cross | C46: Another Page | D46: 1983-01-31 | E46: =VALUE(LEFT(D46,4)) -> 1983 | F46: =IF(LEN(D46)=10,DATE(VALUE(LEFT(D46,4)),VALUE(MID(D46,6,2)),VALUE(RIGHT(D46,2))),IF(LEN(D46)=7,DATE(VALUE(LEFT(D46,4)),VALUE(MID(D46,6,2)),15),DATE(VALUE(LEFT(D46,4)),7,1))) -> 30347 | G46: =INDEX(Acts!$D:$D,MATCH(B46,Acts!$B:$B,0)) -> 29642 | H46: =IF(F46>G46,"yes","no") -> yes | I46: yes | J46: 11 | K46: =IF(J46="","no","yes") -> yes | L46: Gold | M46: =IF(L46="",0,IF(L46="Gold",0.5,IF(L46="Platinum",1,IF(L46="Diamond",10,IF(ISNUMBER(FIND("×",L46)),VALUE(LEFT(L46,FIND("×",L46)-1)),0))))) -> 0.5 | N46: https://en.wikipedia.org/wiki/Christopher_Cross | O46: Christopher_Cross_discography page not reachable; values from discography table on main Christopher Cross article
A47: E070 | B47: Christopher Cross | C47: Every Turn of the World | D47: 1985-11-04 | E47: =VALUE(LEFT(D47,4)) -> 1985 | F47: =IF(LEN(D47)=10,DATE(VALUE(LEFT(D47,4)),VALUE(MID(D47,6,2)),VALUE(RIGHT(D47,2))),IF(LEN(D47)=7,DATE(VALUE(LEFT(D47,4)),VALUE(MID(D47,6,2)),15),DATE(VALUE(LEFT(D47,4)),7,1))) -> 31355 | G47: =INDEX(Acts!$D:$D,MATCH(B47,Acts!$B:$B,0)) -> 29642 | H47: =IF(F47>G47,"yes","no") -> yes | I47: yes | J47: 127 | K47: =IF(J47="","no","yes") -> yes | M47: =IF(L47="",0,IF(L47="Gold",0.5,IF(L47="Platinum",1,IF(L47="Diamond",10,IF(ISNUMBER(FIND("×",L47)),VALUE(LEFT(L47,FIND("×",L47)-1)),0))))) -> 0 | N47: https://en.wikipedia.org/wiki/Christopher_Cross | O47: Christopher_Cross_discography page not reachable; values from discography table on main Christopher Cross article
A48: E071 | B48: Christopher Cross | C48: Back of My Mind | D48: 1988-08-23 | E48: =VALUE(LEFT(D48,4)) -> 1988 | F48: =IF(LEN(D48)=10,DATE(VALUE(LEFT(D48,4)),VALUE(MID(D48,6,2)),VALUE(RIGHT(D48,2))),IF(LEN(D48)=7,DATE(VALUE(LEFT(D48,4)),VALUE(MID(D48,6,2)),15),DATE(VALUE(LEFT(D48,4)),7,1))) -> 32378 | G48: =INDEX(Acts!$D:$D,MATCH(B48,Acts!$B:$B,0)) -> 29642 | H48: =IF(F48>G48,"yes","no") -> yes | I48: yes | K48: =IF(J48="","no","yes") -> no | M48: =IF(L48="",0,IF(L48="Gold",0.5,IF(L48="Platinum",1,IF(L48="Diamond",10,IF(ISNUMBER(FIND("×",L48)),VALUE(LEFT(L48,FIND("×",L48)-1)),0))))) -> 0 | N48: https://en.wikipedia.org/wiki/Christopher_Cross | O48: Christopher_Cross_discography page not reachable; values from discography table on main Christopher Cross article; US column shows a dash; album page (https://en.wikipedia.org/wiki/Back_of_My_Mind_(Christopher_Cross_album)) says "Both the album and its singles failed to chart in the United States" (Reprise Records), taken as implying a US release
A49: E072 | B49: Christopher Cross | C49: Rendezvous | D49: 1992 | E49: =VALUE(LEFT(D49,4)) -> 1992 | F49: =IF(LEN(D49)=10,DATE(VALUE(LEFT(D49,4)),VALUE(MID(D49,6,2)),VALUE(RIGHT(D49,2))),IF(LEN(D49)=7,DATE(VALUE(LEFT(D49,4)),VALUE(MID(D49,6,2)),15),DATE(VALUE(LEFT(D49,4)),7,1))) -> 33786 | G49: =INDEX(Acts!$D:$D,MATCH(B49,Acts!$B:$B,0)) -> 29642 | H49: =IF(F49>G49,"yes","no") -> yes | I49: no | K49: =IF(J49="","no","yes") -> no | M49: =IF(L49="",0,IF(L49="Gold",0.5,IF(L49="Platinum",1,IF(L49="Diamond",10,IF(ISNUMBER(FIND("×",L49)),VALUE(LEFT(L49,FIND("×",L49)-1)),0))))) -> 0 | N49: https://en.wikipedia.org/wiki/Christopher_Cross | O49: Christopher_Cross_discography page not reachable; values from discography table on main Christopher Cross article; US column dash; article lists it as "Rendezvous (Germany & Japan only)"
A50: E073 | B50: Christopher Cross | C50: Window | D50: 1994-08-25 | E50: =VALUE(LEFT(D50,4)) -> 1994 | F50: =IF(LEN(D50)=10,DATE(VALUE(LEFT(D50,4)),VALUE(MID(D50,6,2)),VALUE(RIGHT(D50,2))),IF(LEN(D50)=7,DATE(VALUE(LEFT(D50,4)),VALUE(MID(D50,6,2)),15),DATE(VALUE(LEFT(D50,4)),7,1))) -> 34571 | G50: =INDEX(Acts!$D:$D,MATCH(B50,Acts!$B:$B,0)) -> 29642 | H50: =IF(F50>G50,"yes","no") -> yes | I50: yes | K50: =IF(J50="","no","yes") -> no | M50: =IF(L50="",0,IF(L50="Gold",0.5,IF(L50="Platinum",1,IF(L50="Diamond",10,IF(ISNUMBER(FIND("×",L50)),VALUE(LEFT(L50,FIND("×",L50)-1)),0))))) -> 0 | N50: https://en.wikipedia.org/wiki/Christopher_Cross | O50: Christopher_Cross_discography page not reachable; values from discography table on main Christopher Cross article; US column dash; article lists it as "Window (Germany, Japan & US only)"
A51: E074 | B51: Christopher Cross | C51: Walking in Avalon | D51: 1998-09-07 | E51: =VALUE(LEFT(D51,4)) -> 1998 | F51: =IF(LEN(D51)=10,DATE(VALUE(LEFT(D51,4)),VALUE(MID(D51,6,2)),VALUE(RIGHT(D51,2))),IF(LEN(D51)=7,DATE(VALUE(LEFT(D51,4)),VALUE(MID(D51,6,2)),15),DATE(VALUE(LEFT(D51,4)),7,1))) -> 36045 | G51: =INDEX(Acts!$D:$D,MATCH(B51,Acts!$B:$B,0)) -> 29642 | H51: =IF(F51>G51,"yes","no") -> yes | I51: unknown | K51: =IF(J51="","no","yes") -> no | M51: =IF(L51="",0,IF(L51="Gold",0.5,IF(L51="Platinum",1,IF(L51="Diamond",10,IF(ISNUMBER(FIND("×",L51)),VALUE(LEFT(L51,FIND("×",L51)-1)),0))))) -> 0 | N51: https://en.wikipedia.org/wiki/Christopher_Cross | O51: Christopher_Cross_discography page not reachable; values from discography table on main Christopher Cross article; US column shows a dash; album page lists labels CMC International and Ariola but no statement on US release or chart
A52: E075 | B52: Christopher Cross | C52: A Christopher Cross Christmas | D52: 2007 | E52: =VALUE(LEFT(D52,4)) -> 2007 | F52: =IF(LEN(D52)=10,DATE(VALUE(LEFT(D52,4)),VALUE(MID(D52,6,2)),VALUE(RIGHT(D52,2))),IF(LEN(D52)=7,DATE(VALUE(LEFT(D52,4)),VALUE(MID(D52,6,2)),15),DATE(VALUE(LEFT(D52,4)),7,1))) -> 39264 | G52: =INDEX(Acts!$D:$D,MATCH(B52,Acts!$B:$B,0)) -> 29642 | H52: =IF(F52>G52,"yes","no") -> yes | I52: unknown | K52: =IF(J52="","no","yes") -> no | M52: =IF(L52="",0,IF(L52="Gold",0.5,IF(L52="Platinum",1,IF(L52="Diamond",10,IF(ISNUMBER(FIND("×",L52)),VALUE(LEFT(L52,FIND("×",L52)-1)),0))))) -> 0 | N52: https://en.wikipedia.org/wiki/Christopher_Cross | O52: Christopher_Cross_discography page not reachable; values from discography table on main Christopher Cross article; US column shows a dash; no Wikipedia album page found and no source seen stating US release
A53: E076 | B53: Christopher Cross | C53: Doctor Faith | D53: 2011 | E53: =VALUE(LEFT(D53,4)) -> 2011 | F53: =IF(LEN(D53)=10,DATE(VALUE(LEFT(D53,4)),VALUE(MID(D53,6,2)),VALUE(RIGHT(D53,2))),IF(LEN(D53)=7,DATE(VALUE(LEFT(D53,4)),VALUE(MID(D53,6,2)),15),DATE(VALUE(LEFT(D53,4)),7,1))) -> 40725 | G53: =INDEX(Acts!$D:$D,MATCH(B53,Acts!$B:$B,0)) -> 29642 | H53: =IF(F53>G53,"yes","no") -> yes | I53: unknown | K53: =IF(J53="","no","yes") -> no | M53: =IF(L53="",0,IF(L53="Gold",0.5,IF(L53="Platinum",1,IF(L53="Diamond",10,IF(ISNUMBER(FIND("×",L53)),VALUE(LEFT(L53,FIND("×",L53)-1)),0))))) -> 0 | N53: https://en.wikipedia.org/wiki/Christopher_Cross | O53: Christopher_Cross_discography page not reachable; values from discography table on main Christopher Cross article; US column shows a dash; no Wikipedia album page found and no source seen stating US release
A54: E077 | B54: Christopher Cross | C54: Secret Ladder | D54: 2014 | E54: =VALUE(LEFT(D54,4)) -> 2014 | F54: =IF(LEN(D54)=10,DATE(VALUE(LEFT(D54,4)),VALUE(MID(D54,6,2)),VALUE(RIGHT(D54,2))),IF(LEN(D54)=7,DATE(VALUE(LEFT(D54,4)),VALUE(MID(D54,6,2)),15),DATE(VALUE(LEFT(D54,4)),7,1))) -> 41821 | G54: =INDEX(Acts!$D:$D,MATCH(B54,Acts!$B:$B,0)) -> 29642 | H54: =IF(F54>G54,"yes","no") -> yes | I54: unknown | K54: =IF(J54="","no","yes") -> no | M54: =IF(L54="",0,IF(L54="Gold",0.5,IF(L54="Platinum",1,IF(L54="Diamond",10,IF(ISNUMBER(FIND("×",L54)),VALUE(LEFT(L54,FIND("×",L54)-1)),0))))) -> 0 | N54: https://en.wikipedia.org/wiki/Christopher_Cross | O54: Christopher_Cross_discography page not reachable; values from discography table on main Christopher Cross article; US column shows a dash; no Wikipedia album page found and no source seen stating US release
A55: E078 | B55: Christopher Cross | C55: Take Me As I Am | D55: 2017 | E55: =VALUE(LEFT(D55,4)) -> 2017 | F55: =IF(LEN(D55)=10,DATE(VALUE(LEFT(D55,4)),VALUE(MID(D55,6,2)),VALUE(RIGHT(D55,2))),IF(LEN(D55)=7,DATE(VALUE(LEFT(D55,4)),VALUE(MID(D55,6,2)),15),DATE(VALUE(LEFT(D55,4)),7,1))) -> 42917 | G55: =INDEX(Acts!$D:$D,MATCH(B55,Acts!$B:$B,0)) -> 29642 | H55: =IF(F55>G55,"yes","no") -> yes | I55: unknown | K55: =IF(J55="","no","yes") -> no | M55: =IF(L55="",0,IF(L55="Gold",0.5,IF(L55="Platinum",1,IF(L55="Diamond",10,IF(ISNUMBER(FIND("×",L55)),VALUE(LEFT(L55,FIND("×",L55)-1)),0))))) -> 0 | N55: https://en.wikipedia.org/wiki/Christopher_Cross | O55: Christopher_Cross_discography page not reachable; values from discography table on main Christopher Cross article; US column shows a dash; no Wikipedia album page found and no source seen stating US release
A56: E079 | B56: Corey Hart | C56: First Offense | D56: 1983-11-11 | E56: =VALUE(LEFT(D56,4)) -> 1983 | F56: =IF(LEN(D56)=10,DATE(VALUE(LEFT(D56,4)),VALUE(MID(D56,6,2)),VALUE(RIGHT(D56,2))),IF(LEN(D56)=7,DATE(VALUE(LEFT(D56,4)),VALUE(MID(D56,6,2)),15),DATE(VALUE(LEFT(D56,4)),7,1))) -> 30631 | G56: =INDEX(Acts!$D:$D,MATCH(B56,Acts!$B:$B,0)) -> 31104 | H56: =IF(F56>G56,"yes","no") -> no | I56: yes | J56: 31 | K56: =IF(J56="","no","yes") -> yes | L56: Gold | M56: =IF(L56="",0,IF(L56="Gold",0.5,IF(L56="Platinum",1,IF(L56="Diamond",10,IF(ISNUMBER(FIND("×",L56)),VALUE(LEFT(L56,FIND("×",L56)-1)),0))))) -> 0.5 | N56: https://en.wikipedia.org/wiki/Corey_Hart_discography
A57: E081 | B57: Corey Hart | C57: Boy in the Box | D57: 1985-06-14 | E57: =VALUE(LEFT(D57,4)) -> 1985 | F57: =IF(LEN(D57)=10,DATE(VALUE(LEFT(D57,4)),VALUE(MID(D57,6,2)),VALUE(RIGHT(D57,2))),IF(LEN(D57)=7,DATE(VALUE(LEFT(D57,4)),VALUE(MID(D57,6,2)),15),DATE(VALUE(LEFT(D57,4)),7,1))) -> 31212 | G57: =INDEX(Acts!$D:$D,MATCH(B57,Acts!$B:$B,0)) -> 31104 | H57: =IF(F57>G57,"yes","no") -> yes | I57: yes | J57: 20 | K57: =IF(J57="","no","yes") -> yes | L57: Gold | M57: =IF(L57="",0,IF(L57="Gold",0.5,IF(L57="Platinum",1,IF(L57="Diamond",10,IF(ISNUMBER(FIND("×",L57)),VALUE(LEFT(L57,FIND("×",L57)-1)),0))))) -> 0.5 | N57: https://en.wikipedia.org/wiki/Corey_Hart_discography
A58: E082 | B58: Corey Hart | C58: Fields of Fire | D58: 1986-09-16 | E58: =VALUE(LEFT(D58,4)) -> 1986 | F58: =IF(LEN(D58)=10,DATE(VALUE(LEFT(D58,4)),VALUE(MID(D58,6,2)),VALUE(RIGHT(D58,2))),IF(LEN(D58)=7,DATE(VALUE(LEFT(D58,4)),VALUE(MID(D58,6,2)),15),DATE(VALUE(LEFT(D58,4)),7,1))) -> 31671 | G58: =INDEX(Acts!$D:$D,MATCH(B58,Acts!$B:$B,0)) -> 31104 | H58: =IF(F58>G58,"yes","no") -> yes | I58: yes | J58: 55 | K58: =IF(J58="","no","yes") -> yes | L58: Gold | M58: =IF(L58="",0,IF(L58="Gold",0.5,IF(L58="Platinum",1,IF(L58="Diamond",10,IF(ISNUMBER(FIND("×",L58)),VALUE(LEFT(L58,FIND("×",L58)-1)),0))))) -> 0.5 | N58: https://en.wikipedia.org/wiki/Corey_Hart_discography
A59: E083 | B59: Corey Hart | C59: Young Man Running | D59: 1988-06-23 | E59: =VALUE(LEFT(D59,4)) -> 1988 | F59: =IF(LEN(D59)=10,DATE(VALUE(LEFT(D59,4)),VALUE(MID(D59,6,2)),VALUE(RIGHT(D59,2))),IF(LEN(D59)=7,DATE(VALUE(LEFT(D59,4)),VALUE(MID(D59,6,2)),15),DATE(VALUE(LEFT(D59,4)),7,1))) -> 32317 | G59: =INDEX(Acts!$D:$D,MATCH(B59,Acts!$B:$B,0)) -> 31104 | H59: =IF(F59>G59,"yes","no") -> yes | I59: yes | J59: 121 | K59: =IF(J59="","no","yes") -> yes | M59: =IF(L59="",0,IF(L59="Gold",0.5,IF(L59="Platinum",1,IF(L59="Diamond",10,IF(ISNUMBER(FIND("×",L59)),VALUE(LEFT(L59,FIND("×",L59)-1)),0))))) -> 0 | N59: https://en.wikipedia.org/wiki/Corey_Hart_discography
A60: E084 | B60: Corey Hart | C60: Bang! | D60: 1990-03 | E60: =VALUE(LEFT(D60,4)) -> 1990 | F60: =IF(LEN(D60)=10,DATE(VALUE(LEFT(D60,4)),VALUE(MID(D60,6,2)),VALUE(RIGHT(D60,2))),IF(LEN(D60)=7,DATE(VALUE(LEFT(D60,4)),VALUE(MID(D60,6,2)),15),DATE(VALUE(LEFT(D60,4)),7,1))) -> 32947 | G60: =INDEX(Acts!$D:$D,MATCH(B60,Acts!$B:$B,0)) -> 31104 | H60: =IF(F60>G60,"yes","no") -> yes | I60: yes | J60: 134 | K60: =IF(J60="","no","yes") -> yes | M60: =IF(L60="",0,IF(L60="Gold",0.5,IF(L60="Platinum",1,IF(L60="Diamond",10,IF(ISNUMBER(FIND("×",L60)),VALUE(LEFT(L60,FIND("×",L60)-1)),0))))) -> 0 | N60: https://en.wikipedia.org/wiki/Corey_Hart_discography
A61: E085 | B61: Corey Hart | C61: Attitude & Virtue | D61: 1992-04-25 | E61: =VALUE(LEFT(D61,4)) -> 1992 | F61: =IF(LEN(D61)=10,DATE(VALUE(LEFT(D61,4)),VALUE(MID(D61,6,2)),VALUE(RIGHT(D61,2))),IF(LEN(D61)=7,DATE(VALUE(LEFT(D61,4)),VALUE(MID(D61,6,2)),15),DATE(VALUE(LEFT(D61,4)),7,1))) -> 33719 | G61: =INDEX(Acts!$D:$D,MATCH(B61,Acts!$B:$B,0)) -> 31104 | H61: =IF(F61>G61,"yes","no") -> yes | I61: unknown | K61: =IF(J61="","no","yes") -> no | M61: =IF(L61="",0,IF(L61="Gold",0.5,IF(L61="Platinum",1,IF(L61="Diamond",10,IF(ISNUMBER(FIND("×",L61)),VALUE(LEFT(L61,FIND("×",L61)-1)),0))))) -> 0 | N61: https://en.wikipedia.org/wiki/Attitude_%26_Virtue | O61: Dash in US column of discography; album page: Sire Records, released in Japan 25 April and Canada 28 April 1992; no statement on a US release.
A62: E086 | B62: Corey Hart | C62: Corey Hart | D62: 1996-10-15 | E62: =VALUE(LEFT(D62,4)) -> 1996 | F62: =IF(LEN(D62)=10,DATE(VALUE(LEFT(D62,4)),VALUE(MID(D62,6,2)),VALUE(RIGHT(D62,2))),IF(LEN(D62)=7,DATE(VALUE(LEFT(D62,4)),VALUE(MID(D62,6,2)),15),DATE(VALUE(LEFT(D62,4)),7,1))) -> 35353 | G62: =INDEX(Acts!$D:$D,MATCH(B62,Acts!$B:$B,0)) -> 31104 | H62: =IF(F62>G62,"yes","no") -> yes | I62: unknown | K62: =IF(J62="","no","yes") -> no | M62: =IF(L62="",0,IF(L62="Gold",0.5,IF(L62="Platinum",1,IF(L62="Diamond",10,IF(ISNUMBER(FIND("×",L62)),VALUE(LEFT(L62,FIND("×",L62)-1)),0))))) -> 0 | N62: https://en.wikipedia.org/wiki/Corey_Hart_(album) | O62: Dash in US column of discography; album page (Columbia, 15 October 1996) names no release territories, only Canadian chart singles.
A63: E087 | B63: Corey Hart | C63: Jade | D63: 1998-10 | E63: =VALUE(LEFT(D63,4)) -> 1998 | F63: =IF(LEN(D63)=10,DATE(VALUE(LEFT(D63,4)),VALUE(MID(D63,6,2)),VALUE(RIGHT(D63,2))),IF(LEN(D63)=7,DATE(VALUE(LEFT(D63,4)),VALUE(MID(D63,6,2)),15),DATE(VALUE(LEFT(D63,4)),7,1))) -> 36083 | G63: =INDEX(Acts!$D:$D,MATCH(B63,Acts!$B:$B,0)) -> 31104 | H63: =IF(F63>G63,"yes","no") -> yes | I63: unknown | K63: =IF(J63="","no","yes") -> no | M63: =IF(L63="",0,IF(L63="Gold",0.5,IF(L63="Platinum",1,IF(L63="Diamond",10,IF(ISNUMBER(FIND("×",L63)),VALUE(LEFT(L63,FIND("×",L63)-1)),0))))) -> 0 | N63: https://en.wikipedia.org/wiki/Jade_(Corey_Hart_album) | O63: Dash in US column of discography; album page (Columbia, 1998) names no release territories.
A64: E088 | B64: Culture Club | C64: Kissing to Be Clever | D64: 1982-10-08 | E64: =VALUE(LEFT(D64,4)) -> 1982 | F64: =IF(LEN(D64)=10,DATE(VALUE(LEFT(D64,4)),VALUE(MID(D64,6,2)),VALUE(RIGHT(D64,2))),IF(LEN(D64)=7,DATE(VALUE(LEFT(D64,4)),VALUE(MID(D64,6,2)),15),DATE(VALUE(LEFT(D64,4)),7,1))) -> 30232 | G64: =INDEX(Acts!$D:$D,MATCH(B64,Acts!$B:$B,0)) -> 30740 | H64: =IF(F64>G64,"yes","no") -> no | I64: yes | J64: 14 | K64: =IF(J64="","no","yes") -> yes | L64: Platinum | M64: =IF(L64="",0,IF(L64="Gold",0.5,IF(L64="Platinum",1,IF(L64="Diamond",10,IF(ISNUMBER(FIND("×",L64)),VALUE(LEFT(L64,FIND("×",L64)-1)),0))))) -> 1 | N64: https://en.wikipedia.org/wiki/Culture_Club_discography
A65: E089 | B65: Culture Club | C65: Colour by Numbers | D65: 1983-10-10 | E65: =VALUE(LEFT(D65,4)) -> 1983 | F65: =IF(LEN(D65)=10,DATE(VALUE(LEFT(D65,4)),VALUE(MID(D65,6,2)),VALUE(RIGHT(D65,2))),IF(LEN(D65)=7,DATE(VALUE(LEFT(D65,4)),VALUE(MID(D65,6,2)),15),DATE(VALUE(LEFT(D65,4)),7,1))) -> 30599 | G65: =INDEX(Acts!$D:$D,MATCH(B65,Acts!$B:$B,0)) -> 30740 | H65: =IF(F65>G65,"yes","no") -> no | I65: yes | J65: 2 | K65: =IF(J65="","no","yes") -> yes | L65: 4× Platinum | M65: =IF(L65="",0,IF(L65="Gold",0.5,IF(L65="Platinum",1,IF(L65="Diamond",10,IF(ISNUMBER(FIND("×",L65)),VALUE(LEFT(L65,FIND("×",L65)-1)),0))))) -> 4 | N65: https://en.wikipedia.org/wiki/Culture_Club_discography
A66: E092 | B66: Culture Club | C66: Waking Up with the House on Fire | D66: 1984-10-22 | E66: =VALUE(LEFT(D66,4)) -> 1984 | F66: =IF(LEN(D66)=10,DATE(VALUE(LEFT(D66,4)),VALUE(MID(D66,6,2)),VALUE(RIGHT(D66,2))),IF(LEN(D66)=7,DATE(VALUE(LEFT(D66,4)),VALUE(MID(D66,6,2)),15),DATE(VALUE(LEFT(D66,4)),7,1))) -> 30977 | G66: =INDEX(Acts!$D:$D,MATCH(B66,Acts!$B:$B,0)) -> 30740 | H66: =IF(F66>G66,"yes","no") -> yes | I66: yes | J66: 26 | K66: =IF(J66="","no","yes") -> yes | L66: Platinum | M66: =IF(L66="",0,IF(L66="Gold",0.5,IF(L66="Platinum",1,IF(L66="Diamond",10,IF(ISNUMBER(FIND("×",L66)),VALUE(LEFT(L66,FIND("×",L66)-1)),0))))) -> 1 | N66: https://en.wikipedia.org/wiki/Culture_Club_discography
A67: E094 | B67: Culture Club | C67: From Luxury to Heartache | D67: 1986-04-01 | E67: =VALUE(LEFT(D67,4)) -> 1986 | F67: =IF(LEN(D67)=10,DATE(VALUE(LEFT(D67,4)),VALUE(MID(D67,6,2)),VALUE(RIGHT(D67,2))),IF(LEN(D67)=7,DATE(VALUE(LEFT(D67,4)),VALUE(MID(D67,6,2)),15),DATE(VALUE(LEFT(D67,4)),7,1))) -> 31503 | G67: =INDEX(Acts!$D:$D,MATCH(B67,Acts!$B:$B,0)) -> 30740 | H67: =IF(F67>G67,"yes","no") -> yes | I67: yes | J67: 32 | K67: =IF(J67="","no","yes") -> yes | M67: =IF(L67="",0,IF(L67="Gold",0.5,IF(L67="Platinum",1,IF(L67="Diamond",10,IF(ISNUMBER(FIND("×",L67)),VALUE(LEFT(L67,FIND("×",L67)-1)),0))))) -> 0 | N67: https://en.wikipedia.org/wiki/Culture_Club_discography
A68: E096 | B68: Culture Club | C68: Don't Mind If I Do | D68: 1999-11-22 | E68: =VALUE(LEFT(D68,4)) -> 1999 | F68: =IF(LEN(D68)=10,DATE(VALUE(LEFT(D68,4)),VALUE(MID(D68,6,2)),VALUE(RIGHT(D68,2))),IF(LEN(D68)=7,DATE(VALUE(LEFT(D68,4)),VALUE(MID(D68,6,2)),15),DATE(VALUE(LEFT(D68,4)),7,1))) -> 36486 | G68: =INDEX(Acts!$D:$D,MATCH(B68,Acts!$B:$B,0)) -> 30740 | H68: =IF(F68>G68,"yes","no") -> yes | I68: no | K68: =IF(J68="","no","yes") -> no | M68: =IF(L68="",0,IF(L68="Gold",0.5,IF(L68="Platinum",1,IF(L68="Diamond",10,IF(ISNUMBER(FIND("×",L68)),VALUE(LEFT(L68,FIND("×",L68)-1)),0))))) -> 0 | N68: https://en.wikipedia.org/wiki/Culture_Club_discography | O68: US column dash in discography (did not chart); no RIAA cert. Album page https://en.wikipedia.org/wiki/Don%27t_Mind_If_I_Do_(Culture_Club_album) says it 'was released only in Europe and Japan'.
A69: E099 | B69: Culture Club | C69: Life | D69: 2018-10-26 | E69: =VALUE(LEFT(D69,4)) -> 2018 | F69: =IF(LEN(D69)=10,DATE(VALUE(LEFT(D69,4)),VALUE(MID(D69,6,2)),VALUE(RIGHT(D69,2))),IF(LEN(D69)=7,DATE(VALUE(LEFT(D69,4)),VALUE(MID(D69,6,2)),15),DATE(VALUE(LEFT(D69,4)),7,1))) -> 43399 | G69: =INDEX(Acts!$D:$D,MATCH(B69,Acts!$B:$B,0)) -> 30740 | H69: =IF(F69>G69,"yes","no") -> yes | I69: unknown | K69: =IF(J69="","no","yes") -> no | M69: =IF(L69="",0,IF(L69="Gold",0.5,IF(L69="Platinum",1,IF(L69="Diamond",10,IF(ISNUMBER(FIND("×",L69)),VALUE(LEFT(L69,FIND("×",L69)-1)),0))))) -> 0 | N69: https://en.wikipedia.org/wiki/Culture_Club_discography | O69: US column dash in discography (did not chart); no RIAA cert; album page (Life (Boy George and Culture Club album)) charts table has no US entry and does not state a US release (label BMG); credited as Boy George and Culture Club
A70: E100 | B70: Cutting Crew | C70: Broadcast | D70: 1986-11 | E70: =VALUE(LEFT(D70,4)) -> 1986 | F70: =IF(LEN(D70)=10,DATE(VALUE(LEFT(D70,4)),VALUE(MID(D70,6,2)),VALUE(RIGHT(D70,2))),IF(LEN(D70)=7,DATE(VALUE(LEFT(D70,4)),VALUE(MID(D70,6,2)),15),DATE(VALUE(LEFT(D70,4)),7,1))) -> 31731 | G70: =INDEX(Acts!$D:$D,MATCH(B70,Acts!$B:$B,0)) -> 32204 | H70: =IF(F70>G70,"yes","no") -> no | I70: yes | J70: 16 | K70: =IF(J70="","no","yes") -> yes | L70: Gold | M70: =IF(L70="",0,IF(L70="Gold",0.5,IF(L70="Platinum",1,IF(L70="Diamond",10,IF(ISNUMBER(FIND("×",L70)),VALUE(LEFT(L70,FIND("×",L70)-1)),0))))) -> 0.5 | N70: https://en.wikipedia.org/wiki/Cutting_Crew
A71: E102 | B71: Cutting Crew | C71: The Scattering | D71: 1989-05-16 | E71: =VALUE(LEFT(D71,4)) -> 1989 | F71: =IF(LEN(D71)=10,DATE(VALUE(LEFT(D71,4)),VALUE(MID(D71,6,2)),VALUE(RIGHT(D71,2))),IF(LEN(D71)=7,DATE(VALUE(LEFT(D71,4)),VALUE(MID(D71,6,2)),15),DATE(VALUE(LEFT(D71,4)),7,1))) -> 32644 | G71: =INDEX(Acts!$D:$D,MATCH(B71,Acts!$B:$B,0)) -> 32204 | H71: =IF(F71>G71,"yes","no") -> yes | I71: yes | J71: 150 | K71: =IF(J71="","no","yes") -> yes | M71: =IF(L71="",0,IF(L71="Gold",0.5,IF(L71="Platinum",1,IF(L71="Diamond",10,IF(ISNUMBER(FIND("×",L71)),VALUE(LEFT(L71,FIND("×",L71)-1)),0))))) -> 0 | N71: https://en.wikipedia.org/wiki/Cutting_Crew
A72: E103 | B72: Cutting Crew | C72: Compus Mentus | D72: 1992-08-03 | E72: =VALUE(LEFT(D72,4)) -> 1992 | F72: =IF(LEN(D72)=10,DATE(VALUE(LEFT(D72,4)),VALUE(MID(D72,6,2)),VALUE(RIGHT(D72,2))),IF(LEN(D72)=7,DATE(VALUE(LEFT(D72,4)),VALUE(MID(D72,6,2)),15),DATE(VALUE(LEFT(D72,4)),7,1))) -> 33819 | G72: =INDEX(Acts!$D:$D,MATCH(B72,Acts!$B:$B,0)) -> 32204 | H72: =IF(F72>G72,"yes","no") -> yes | I72: unknown | K72: =IF(J72="","no","yes") -> no | M72: =IF(L72="",0,IF(L72="Gold",0.5,IF(L72="Platinum",1,IF(L72="Diamond",10,IF(ISNUMBER(FIND("×",L72)),VALUE(LEFT(L72,FIND("×",L72)-1)),0))))) -> 0 | N72: https://en.wikipedia.org/wiki/Cutting_Crew | O72: US column shows dash; Cutting Crew page gives label/date but no territory or US release statement
A73: E105 | B73: Cutting Crew | C73: Grinning Souls | D73: 2006-03-06 | E73: =VALUE(LEFT(D73,4)) -> 2006 | F73: =IF(LEN(D73)=10,DATE(VALUE(LEFT(D73,4)),VALUE(MID(D73,6,2)),VALUE(RIGHT(D73,2))),IF(LEN(D73)=7,DATE(VALUE(LEFT(D73,4)),VALUE(MID(D73,6,2)),15),DATE(VALUE(LEFT(D73,4)),7,1))) -> 38782 | G73: =INDEX(Acts!$D:$D,MATCH(B73,Acts!$B:$B,0)) -> 32204 | H73: =IF(F73>G73,"yes","no") -> yes | I73: unknown | K73: =IF(J73="","no","yes") -> no | M73: =IF(L73="",0,IF(L73="Gold",0.5,IF(L73="Platinum",1,IF(L73="Diamond",10,IF(ISNUMBER(FIND("×",L73)),VALUE(LEFT(L73,FIND("×",L73)-1)),0))))) -> 0 | N73: https://en.wikipedia.org/wiki/Cutting_Crew | O73: US column shows dash; Cutting Crew page gives label/date but no territory or US release statement
A74: E106 | B74: Cutting Crew | C74: Add to Favourites | D74: 2015-10-02 | E74: =VALUE(LEFT(D74,4)) -> 2015 | F74: =IF(LEN(D74)=10,DATE(VALUE(LEFT(D74,4)),VALUE(MID(D74,6,2)),VALUE(RIGHT(D74,2))),IF(LEN(D74)=7,DATE(VALUE(LEFT(D74,4)),VALUE(MID(D74,6,2)),15),DATE(VALUE(LEFT(D74,4)),7,1))) -> 42279 | G74: =INDEX(Acts!$D:$D,MATCH(B74,Acts!$B:$B,0)) -> 32204 | H74: =IF(F74>G74,"yes","no") -> yes | I74: unknown | K74: =IF(J74="","no","yes") -> no | M74: =IF(L74="",0,IF(L74="Gold",0.5,IF(L74="Platinum",1,IF(L74="Diamond",10,IF(ISNUMBER(FIND("×",L74)),VALUE(LEFT(L74,FIND("×",L74)-1)),0))))) -> 0 | N74: https://en.wikipedia.org/wiki/Cutting_Crew | O74: US column shows dash; Cutting Crew page gives label/date but no territory or US release statement
A75: E107 | B75: Cyndi Lauper | C75: She's So Unusual | D75: 1983-10 | E75: =VALUE(LEFT(D75,4)) -> 1983 | F75: =IF(LEN(D75)=10,DATE(VALUE(LEFT(D75,4)),VALUE(MID(D75,6,2)),VALUE(RIGHT(D75,2))),IF(LEN(D75)=7,DATE(VALUE(LEFT(D75,4)),VALUE(MID(D75,6,2)),15),DATE(VALUE(LEFT(D75,4)),7,1))) -> 30604 | G75: =INDEX(Acts!$D:$D,MATCH(B75,Acts!$B:$B,0)) -> 31104 | H75: =IF(F75>G75,"yes","no") -> no | I75: yes | J75: 4 | K75: =IF(J75="","no","yes") -> yes | L75: 7× Platinum | M75: =IF(L75="",0,IF(L75="Gold",0.5,IF(L75="Platinum",1,IF(L75="Diamond",10,IF(ISNUMBER(FIND("×",L75)),VALUE(LEFT(L75,FIND("×",L75)-1)),0))))) -> 7 | N75: https://en.wikipedia.org/wiki/Cyndi_Lauper_discography | O75: Album page (https://en.wikipedia.org/wiki/She%27s_So_Unusual) confirms Billboard 200 peak 4 and RIAA 7× Platinum.
A76: E110 | B76: Cyndi Lauper | C76: True Colors | D76: 1986-09-15 | E76: =VALUE(LEFT(D76,4)) -> 1986 | F76: =IF(LEN(D76)=10,DATE(VALUE(LEFT(D76,4)),VALUE(MID(D76,6,2)),VALUE(RIGHT(D76,2))),IF(LEN(D76)=7,DATE(VALUE(LEFT(D76,4)),VALUE(MID(D76,6,2)),15),DATE(VALUE(LEFT(D76,4)),7,1))) -> 31670 | G76: =INDEX(Acts!$D:$D,MATCH(B76,Acts!$B:$B,0)) -> 31104 | H76: =IF(F76>G76,"yes","no") -> yes | I76: yes | J76: 4 | K76: =IF(J76="","no","yes") -> yes | L76: 2× Platinum | M76: =IF(L76="",0,IF(L76="Gold",0.5,IF(L76="Platinum",1,IF(L76="Diamond",10,IF(ISNUMBER(FIND("×",L76)),VALUE(LEFT(L76,FIND("×",L76)-1)),0))))) -> 2 | N76: https://en.wikipedia.org/wiki/Cyndi_Lauper_discography | O76: Album page confirms Billboard 200 peak 4 and RIAA 2× Platinum.
A77: E111 | B77: Cyndi Lauper | C77: A Night to Remember | D77: 1989-05 | E77: =VALUE(LEFT(D77,4)) -> 1989 | F77: =IF(LEN(D77)=10,DATE(VALUE(LEFT(D77,4)),VALUE(MID(D77,6,2)),VALUE(RIGHT(D77,2))),IF(LEN(D77)=7,DATE(VALUE(LEFT(D77,4)),VALUE(MID(D77,6,2)),15),DATE(VALUE(LEFT(D77,4)),7,1))) -> 32643 | G77: =INDEX(Acts!$D:$D,MATCH(B77,Acts!$B:$B,0)) -> 31104 | H77: =IF(F77>G77,"yes","no") -> yes | I77: yes | J77: 37 | K77: =IF(J77="","no","yes") -> yes | M77: =IF(L77="",0,IF(L77="Gold",0.5,IF(L77="Platinum",1,IF(L77="Diamond",10,IF(ISNUMBER(FIND("×",L77)),VALUE(LEFT(L77,FIND("×",L77)-1)),0))))) -> 0 | N77: https://en.wikipedia.org/wiki/Cyndi_Lauper_discography | O77: Album page (https://en.wikipedia.org/wiki/A_Night_to_Remember_(Cyndi_Lauper_album)) confirms Billboard 200 peak 37; its US certification row shows no RIAA level (500,000 sales), though the text says Lauper's website calls it gold in the US. Left blank as no RIAA certification is listed.
A78: E112 | B78: Cyndi Lauper | C78: Hat Full of Stars | D78: 1993-06-30 | E78: =VALUE(LEFT(D78,4)) -> 1993 | F78: =IF(LEN(D78)=10,DATE(VALUE(LEFT(D78,4)),VALUE(MID(D78,6,2)),VALUE(RIGHT(D78,2))),IF(LEN(D78)=7,DATE(VALUE(LEFT(D78,4)),VALUE(MID(D78,6,2)),15),DATE(VALUE(LEFT(D78,4)),7,1))) -> 34150 | G78: =INDEX(Acts!$D:$D,MATCH(B78,Acts!$B:$B,0)) -> 31104 | H78: =IF(F78>G78,"yes","no") -> yes | I78: yes | J78: 112 | K78: =IF(J78="","no","yes") -> yes | M78: =IF(L78="",0,IF(L78="Gold",0.5,IF(L78="Platinum",1,IF(L78="Diamond",10,IF(ISNUMBER(FIND("×",L78)),VALUE(LEFT(L78,FIND("×",L78)-1)),0))))) -> 0 | N78: https://en.wikipedia.org/wiki/Cyndi_Lauper_discography
A79: E113 | B79: Cyndi Lauper | C79: Sisters of Avalon | D79: 1996-10-16 | E79: =VALUE(LEFT(D79,4)) -> 1996 | F79: =IF(LEN(D79)=10,DATE(VALUE(LEFT(D79,4)),VALUE(MID(D79,6,2)),VALUE(RIGHT(D79,2))),IF(LEN(D79)=7,DATE(VALUE(LEFT(D79,4)),VALUE(MID(D79,6,2)),15),DATE(VALUE(LEFT(D79,4)),7,1))) -> 35354 | G79: =INDEX(Acts!$D:$D,MATCH(B79,Acts!$B:$B,0)) -> 31104 | H79: =IF(F79>G79,"yes","no") -> yes | I79: yes | J79: 188 | K79: =IF(J79="","no","yes") -> yes | M79: =IF(L79="",0,IF(L79="Gold",0.5,IF(L79="Platinum",1,IF(L79="Diamond",10,IF(ISNUMBER(FIND("×",L79)),VALUE(LEFT(L79,FIND("×",L79)-1)),0))))) -> 0 | N79: https://en.wikipedia.org/wiki/Cyndi_Lauper_discography
A80: E114 | B80: Cyndi Lauper | C80: Merry Christmas ... Have a Nice Life | D80: 1998-10-27 | E80: =VALUE(LEFT(D80,4)) -> 1998 | F80: =IF(LEN(D80)=10,DATE(VALUE(LEFT(D80,4)),VALUE(MID(D80,6,2)),VALUE(RIGHT(D80,2))),IF(LEN(D80)=7,DATE(VALUE(LEFT(D80,4)),VALUE(MID(D80,6,2)),15),DATE(VALUE(LEFT(D80,4)),7,1))) -> 36095 | G80: =INDEX(Acts!$D:$D,MATCH(B80,Acts!$B:$B,0)) -> 31104 | H80: =IF(F80>G80,"yes","no") -> yes | I80: yes | K80: =IF(J80="","no","yes") -> no | M80: =IF(L80="",0,IF(L80="Gold",0.5,IF(L80="Platinum",1,IF(L80="Diamond",10,IF(ISNUMBER(FIND("×",L80)),VALUE(LEFT(L80,FIND("×",L80)-1)),0))))) -> 0 | N80: https://en.wikipedia.org/wiki/Merry_Christmas_..._Have_a_Nice_Life | O80: Dash in US column of discography; album page release table: United States 27 October 1998, Epic (EK 69611). No US chart or RIAA certification listed.
A81: E115 | B81: Cyndi Lauper | C81: At Last | D81: 2003-11-18 | E81: =VALUE(LEFT(D81,4)) -> 2003 | F81: =IF(LEN(D81)=10,DATE(VALUE(LEFT(D81,4)),VALUE(MID(D81,6,2)),VALUE(RIGHT(D81,2))),IF(LEN(D81)=7,DATE(VALUE(LEFT(D81,4)),VALUE(MID(D81,6,2)),15),DATE(VALUE(LEFT(D81,4)),7,1))) -> 37943 | G81: =INDEX(Acts!$D:$D,MATCH(B81,Acts!$B:$B,0)) -> 31104 | H81: =IF(F81>G81,"yes","no") -> yes | I81: yes | J81: 38 | K81: =IF(J81="","no","yes") -> yes | M81: =IF(L81="",0,IF(L81="Gold",0.5,IF(L81="Platinum",1,IF(L81="Diamond",10,IF(ISNUMBER(FIND("×",L81)),VALUE(LEFT(L81,FIND("×",L81)-1)),0))))) -> 0 | N81: https://en.wikipedia.org/wiki/Cyndi_Lauper_discography
A82: E116 | B82: Cyndi Lauper | C82: Shine | D82: 2004-05-03 | E82: =VALUE(LEFT(D82,4)) -> 2004 | F82: =IF(LEN(D82)=10,DATE(VALUE(LEFT(D82,4)),VALUE(MID(D82,6,2)),VALUE(RIGHT(D82,2))),IF(LEN(D82)=7,DATE(VALUE(LEFT(D82,4)),VALUE(MID(D82,6,2)),15),DATE(VALUE(LEFT(D82,4)),7,1))) -> 38110 | G82: =INDEX(Acts!$D:$D,MATCH(B82,Acts!$B:$B,0)) -> 31104 | H82: =IF(F82>G82,"yes","no") -> yes | I82: no | K82: =IF(J82="","no","yes") -> no | M82: =IF(L82="",0,IF(L82="Gold",0.5,IF(L82="Platinum",1,IF(L82="Diamond",10,IF(ISNUMBER(FIND("×",L82)),VALUE(LEFT(L82,FIND("×",L82)-1)),0))))) -> 0 | N82: https://en.wikipedia.org/wiki/Shine_(Cyndi_Lauper_album) | O82: Album page: released exclusively in Japan (Epic, 2004); the US got only a five-track EP (Oglio, 16 July 2002) that reached US Top Independent Albums 42, not the Billboard 200.
A83: E117 | B83: Cyndi Lauper | C83: Bring Ya to the Brink | D83: 2008-05-27 | E83: =VALUE(LEFT(D83,4)) -> 2008 | F83: =IF(LEN(D83)=10,DATE(VALUE(LEFT(D83,4)),VALUE(MID(D83,6,2)),VALUE(RIGHT(D83,2))),IF(LEN(D83)=7,DATE(VALUE(LEFT(D83,4)),VALUE(MID(D83,6,2)),15),DATE(VALUE(LEFT(D83,4)),7,1))) -> 39595 | G83: =INDEX(Acts!$D:$D,MATCH(B83,Acts!$B:$B,0)) -> 31104 | H83: =IF(F83>G83,"yes","no") -> yes | I83: yes | J83: 41 | K83: =IF(J83="","no","yes") -> yes | M83: =IF(L83="",0,IF(L83="Gold",0.5,IF(L83="Platinum",1,IF(L83="Diamond",10,IF(ISNUMBER(FIND("×",L83)),VALUE(LEFT(L83,FIND("×",L83)-1)),0))))) -> 0 | N83: https://en.wikipedia.org/wiki/Cyndi_Lauper_discography
A84: E118 | B84: Cyndi Lauper | C84: Memphis Blues | D84: 2010-06-22 | E84: =VALUE(LEFT(D84,4)) -> 2010 | F84: =IF(LEN(D84)=10,DATE(VALUE(LEFT(D84,4)),VALUE(MID(D84,6,2)),VALUE(RIGHT(D84,2))),IF(LEN(D84)=7,DATE(VALUE(LEFT(D84,4)),VALUE(MID(D84,6,2)),15),DATE(VALUE(LEFT(D84,4)),7,1))) -> 40351 | G84: =INDEX(Acts!$D:$D,MATCH(B84,Acts!$B:$B,0)) -> 31104 | H84: =IF(F84>G84,"yes","no") -> yes | I84: yes | J84: 26 | K84: =IF(J84="","no","yes") -> yes | M84: =IF(L84="",0,IF(L84="Gold",0.5,IF(L84="Platinum",1,IF(L84="Diamond",10,IF(ISNUMBER(FIND("×",L84)),VALUE(LEFT(L84,FIND("×",L84)-1)),0))))) -> 0 | N84: https://en.wikipedia.org/wiki/Cyndi_Lauper_discography
A85: E119 | B85: Cyndi Lauper | C85: Detour | D85: 2016-05-02 | E85: =VALUE(LEFT(D85,4)) -> 2016 | F85: =IF(LEN(D85)=10,DATE(VALUE(LEFT(D85,4)),VALUE(MID(D85,6,2)),VALUE(RIGHT(D85,2))),IF(LEN(D85)=7,DATE(VALUE(LEFT(D85,4)),VALUE(MID(D85,6,2)),15),DATE(VALUE(LEFT(D85,4)),7,1))) -> 42492 | G85: =INDEX(Acts!$D:$D,MATCH(B85,Acts!$B:$B,0)) -> 31104 | H85: =IF(F85>G85,"yes","no") -> yes | I85: yes | J85: 29 | K85: =IF(J85="","no","yes") -> yes | M85: =IF(L85="",0,IF(L85="Gold",0.5,IF(L85="Platinum",1,IF(L85="Diamond",10,IF(ISNUMBER(FIND("×",L85)),VALUE(LEFT(L85,FIND("×",L85)-1)),0))))) -> 0 | N85: https://en.wikipedia.org/wiki/Cyndi_Lauper_discography
A86: E120 | B86: Dire Straits | C86: Dire Straits | D86: 1978-06-09 | E86: =VALUE(LEFT(D86,4)) -> 1978 | F86: =IF(LEN(D86)=10,DATE(VALUE(LEFT(D86,4)),VALUE(MID(D86,6,2)),VALUE(RIGHT(D86,2))),IF(LEN(D86)=7,DATE(VALUE(LEFT(D86,4)),VALUE(MID(D86,6,2)),15),DATE(VALUE(LEFT(D86,4)),7,1))) -> 28650 | G86: =INDEX(Acts!$D:$D,MATCH(B86,Acts!$B:$B,0)) -> 29278 | H86: =IF(F86>G86,"yes","no") -> no | I86: yes | J86: 2 | K86: =IF(J86="","no","yes") -> yes | L86: 2× Platinum | M86: =IF(L86="",0,IF(L86="Gold",0.5,IF(L86="Platinum",1,IF(L86="Diamond",10,IF(ISNUMBER(FIND("×",L86)),VALUE(LEFT(L86,FIND("×",L86)-1)),0))))) -> 2 | N86: https://en.wikipedia.org/wiki/Dire_Straits_discography
A87: E121 | B87: Dire Straits | C87: Communiqué | D87: 1979-06-05 | E87: =VALUE(LEFT(D87,4)) -> 1979 | F87: =IF(LEN(D87)=10,DATE(VALUE(LEFT(D87,4)),VALUE(MID(D87,6,2)),VALUE(RIGHT(D87,2))),IF(LEN(D87)=7,DATE(VALUE(LEFT(D87,4)),VALUE(MID(D87,6,2)),15),DATE(VALUE(LEFT(D87,4)),7,1))) -> 29011 | G87: =INDEX(Acts!$D:$D,MATCH(B87,Acts!$B:$B,0)) -> 29278 | H87: =IF(F87>G87,"yes","no") -> no | I87: yes | J87: 11 | K87: =IF(J87="","no","yes") -> yes | L87: Gold | M87: =IF(L87="",0,IF(L87="Gold",0.5,IF(L87="Platinum",1,IF(L87="Diamond",10,IF(ISNUMBER(FIND("×",L87)),VALUE(LEFT(L87,FIND("×",L87)-1)),0))))) -> 0.5 | N87: https://en.wikipedia.org/wiki/Dire_Straits_discography
A88: E123 | B88: Dire Straits | C88: Making Movies | D88: 1980-10-17 | E88: =VALUE(LEFT(D88,4)) -> 1980 | F88: =IF(LEN(D88)=10,DATE(VALUE(LEFT(D88,4)),VALUE(MID(D88,6,2)),VALUE(RIGHT(D88,2))),IF(LEN(D88)=7,DATE(VALUE(LEFT(D88,4)),VALUE(MID(D88,6,2)),15),DATE(VALUE(LEFT(D88,4)),7,1))) -> 29511 | G88: =INDEX(Acts!$D:$D,MATCH(B88,Acts!$B:$B,0)) -> 29278 | H88: =IF(F88>G88,"yes","no") -> yes | I88: yes | J88: 19 | K88: =IF(J88="","no","yes") -> yes | L88: Platinum | M88: =IF(L88="",0,IF(L88="Gold",0.5,IF(L88="Platinum",1,IF(L88="Diamond",10,IF(ISNUMBER(FIND("×",L88)),VALUE(LEFT(L88,FIND("×",L88)-1)),0))))) -> 1 | N88: https://en.wikipedia.org/wiki/Dire_Straits_discography
A89: E124 | B89: Dire Straits | C89: Love over Gold | D89: 1982-09-24 | E89: =VALUE(LEFT(D89,4)) -> 1982 | F89: =IF(LEN(D89)=10,DATE(VALUE(LEFT(D89,4)),VALUE(MID(D89,6,2)),VALUE(RIGHT(D89,2))),IF(LEN(D89)=7,DATE(VALUE(LEFT(D89,4)),VALUE(MID(D89,6,2)),15),DATE(VALUE(LEFT(D89,4)),7,1))) -> 30218 | G89: =INDEX(Acts!$D:$D,MATCH(B89,Acts!$B:$B,0)) -> 29278 | H89: =IF(F89>G89,"yes","no") -> yes | I89: yes | J89: 19 | K89: =IF(J89="","no","yes") -> yes | L89: Gold | M89: =IF(L89="",0,IF(L89="Gold",0.5,IF(L89="Platinum",1,IF(L89="Diamond",10,IF(ISNUMBER(FIND("×",L89)),VALUE(LEFT(L89,FIND("×",L89)-1)),0))))) -> 0.5 | N89: https://en.wikipedia.org/wiki/Dire_Straits_discography
A90: E125 | B90: Dire Straits | C90: Brothers in Arms | D90: 1985-05-17 | E90: =VALUE(LEFT(D90,4)) -> 1985 | F90: =IF(LEN(D90)=10,DATE(VALUE(LEFT(D90,4)),VALUE(MID(D90,6,2)),VALUE(RIGHT(D90,2))),IF(LEN(D90)=7,DATE(VALUE(LEFT(D90,4)),VALUE(MID(D90,6,2)),15),DATE(VALUE(LEFT(D90,4)),7,1))) -> 31184 | G90: =INDEX(Acts!$D:$D,MATCH(B90,Acts!$B:$B,0)) -> 29278 | H90: =IF(F90>G90,"yes","no") -> yes | I90: yes | J90: 1 | K90: =IF(J90="","no","yes") -> yes | L90: 9× Platinum | M90: =IF(L90="",0,IF(L90="Gold",0.5,IF(L90="Platinum",1,IF(L90="Diamond",10,IF(ISNUMBER(FIND("×",L90)),VALUE(LEFT(L90,FIND("×",L90)-1)),0))))) -> 9 | N90: https://en.wikipedia.org/wiki/Dire_Straits_discography
A91: E128 | B91: Dire Straits | C91: On Every Street | D91: 1991-09-09 | E91: =VALUE(LEFT(D91,4)) -> 1991 | F91: =IF(LEN(D91)=10,DATE(VALUE(LEFT(D91,4)),VALUE(MID(D91,6,2)),VALUE(RIGHT(D91,2))),IF(LEN(D91)=7,DATE(VALUE(LEFT(D91,4)),VALUE(MID(D91,6,2)),15),DATE(VALUE(LEFT(D91,4)),7,1))) -> 33490 | G91: =INDEX(Acts!$D:$D,MATCH(B91,Acts!$B:$B,0)) -> 29278 | H91: =IF(F91>G91,"yes","no") -> yes | I91: yes | J91: 12 | K91: =IF(J91="","no","yes") -> yes | L91: Platinum | M91: =IF(L91="",0,IF(L91="Gold",0.5,IF(L91="Platinum",1,IF(L91="Diamond",10,IF(ISNUMBER(FIND("×",L91)),VALUE(LEFT(L91,FIND("×",L91)-1)),0))))) -> 1 | N91: https://en.wikipedia.org/wiki/Dire_Straits_discography
A92: E130 | B92: Eurythmics | C92: In the Garden | D92: 1981-10-16 | E92: =VALUE(LEFT(D92,4)) -> 1981 | F92: =IF(LEN(D92)=10,DATE(VALUE(LEFT(D92,4)),VALUE(MID(D92,6,2)),VALUE(RIGHT(D92,2))),IF(LEN(D92)=7,DATE(VALUE(LEFT(D92,4)),VALUE(MID(D92,6,2)),15),DATE(VALUE(LEFT(D92,4)),7,1))) -> 29875 | G92: =INDEX(Acts!$D:$D,MATCH(B92,Acts!$B:$B,0)) -> 30740 | H92: =IF(F92>G92,"yes","no") -> no | I92: unknown | K92: =IF(J92="","no","yes") -> no | M92: =IF(L92="",0,IF(L92="Gold",0.5,IF(L92="Platinum",1,IF(L92="Diamond",10,IF(ISNUMBER(FIND("×",L92)),VALUE(LEFT(L92,FIND("×",L92)-1)),0))))) -> 0 | N92: https://en.wikipedia.org/wiki/Eurythmics_discography | O92: US column shows a dash (table key: did not chart or not released in that territory); no RIAA certification; album page (https://en.wikipedia.org/wiki/In_the_Garden_(Eurythmics_album)) only says released 16 Oct 1981 by RCA and quotes a critic that it "failed to chart anywhere", with no statement on US release
A93: E131 | B93: Eurythmics | C93: Sweet Dreams (Are Made of This) | D93: 1983-01-04 | E93: =VALUE(LEFT(D93,4)) -> 1983 | F93: =IF(LEN(D93)=10,DATE(VALUE(LEFT(D93,4)),VALUE(MID(D93,6,2)),VALUE(RIGHT(D93,2))),IF(LEN(D93)=7,DATE(VALUE(LEFT(D93,4)),VALUE(MID(D93,6,2)),15),DATE(VALUE(LEFT(D93,4)),7,1))) -> 30320 | G93: =INDEX(Acts!$D:$D,MATCH(B93,Acts!$B:$B,0)) -> 30740 | H93: =IF(F93>G93,"yes","no") -> no | I93: yes | J93: 15 | K93: =IF(J93="","no","yes") -> yes | L93: Gold | M93: =IF(L93="",0,IF(L93="Gold",0.5,IF(L93="Platinum",1,IF(L93="Diamond",10,IF(ISNUMBER(FIND("×",L93)),VALUE(LEFT(L93,FIND("×",L93)-1)),0))))) -> 0.5 | N93: https://en.wikipedia.org/wiki/Eurythmics_discography
A94: E132 | B94: Eurythmics | C94: Touch | D94: 1983-11-14 | E94: =VALUE(LEFT(D94,4)) -> 1983 | F94: =IF(LEN(D94)=10,DATE(VALUE(LEFT(D94,4)),VALUE(MID(D94,6,2)),VALUE(RIGHT(D94,2))),IF(LEN(D94)=7,DATE(VALUE(LEFT(D94,4)),VALUE(MID(D94,6,2)),15),DATE(VALUE(LEFT(D94,4)),7,1))) -> 30634 | G94: =INDEX(Acts!$D:$D,MATCH(B94,Acts!$B:$B,0)) -> 30740 | H94: =IF(F94>G94,"yes","no") -> no | I94: yes | J94: 7 | K94: =IF(J94="","no","yes") -> yes | L94: Platinum | M94: =IF(L94="",0,IF(L94="Gold",0.5,IF(L94="Platinum",1,IF(L94="Diamond",10,IF(ISNUMBER(FIND("×",L94)),VALUE(LEFT(L94,FIND("×",L94)-1)),0))))) -> 1 | N94: https://en.wikipedia.org/wiki/Eurythmics_discography
A95: E134 | B95: Eurythmics | C95: Be Yourself Tonight | D95: 1985-04 | E95: =VALUE(LEFT(D95,4)) -> 1985 | F95: =IF(LEN(D95)=10,DATE(VALUE(LEFT(D95,4)),VALUE(MID(D95,6,2)),VALUE(RIGHT(D95,2))),IF(LEN(D95)=7,DATE(VALUE(LEFT(D95,4)),VALUE(MID(D95,6,2)),15),DATE(VALUE(LEFT(D95,4)),7,1))) -> 31152 | G95: =INDEX(Acts!$D:$D,MATCH(B95,Acts!$B:$B,0)) -> 30740 | H95: =IF(F95>G95,"yes","no") -> yes | I95: yes | J95: 9 | K95: =IF(J95="","no","yes") -> yes | L95: Platinum | M95: =IF(L95="",0,IF(L95="Gold",0.5,IF(L95="Platinum",1,IF(L95="Diamond",10,IF(ISNUMBER(FIND("×",L95)),VALUE(LEFT(L95,FIND("×",L95)-1)),0))))) -> 1 | N95: https://en.wikipedia.org/wiki/Eurythmics_discography
A96: E135 | B96: Eurythmics | C96: Revenge | D96: 1986-06-30 | E96: =VALUE(LEFT(D96,4)) -> 1986 | F96: =IF(LEN(D96)=10,DATE(VALUE(LEFT(D96,4)),VALUE(MID(D96,6,2)),VALUE(RIGHT(D96,2))),IF(LEN(D96)=7,DATE(VALUE(LEFT(D96,4)),VALUE(MID(D96,6,2)),15),DATE(VALUE(LEFT(D96,4)),7,1))) -> 31593 | G96: =INDEX(Acts!$D:$D,MATCH(B96,Acts!$B:$B,0)) -> 30740 | H96: =IF(F96>G96,"yes","no") -> yes | I96: yes | J96: 12 | K96: =IF(J96="","no","yes") -> yes | L96: Gold | M96: =IF(L96="",0,IF(L96="Gold",0.5,IF(L96="Platinum",1,IF(L96="Diamond",10,IF(ISNUMBER(FIND("×",L96)),VALUE(LEFT(L96,FIND("×",L96)-1)),0))))) -> 0.5 | N96: https://en.wikipedia.org/wiki/Eurythmics_discography
A97: E136 | B97: Eurythmics | C97: Savage | D97: 1987-11-09 | E97: =VALUE(LEFT(D97,4)) -> 1987 | F97: =IF(LEN(D97)=10,DATE(VALUE(LEFT(D97,4)),VALUE(MID(D97,6,2)),VALUE(RIGHT(D97,2))),IF(LEN(D97)=7,DATE(VALUE(LEFT(D97,4)),VALUE(MID(D97,6,2)),15),DATE(VALUE(LEFT(D97,4)),7,1))) -> 32090 | G97: =INDEX(Acts!$D:$D,MATCH(B97,Acts!$B:$B,0)) -> 30740 | H97: =IF(F97>G97,"yes","no") -> yes | I97: yes | J97: 41 | K97: =IF(J97="","no","yes") -> yes | M97: =IF(L97="",0,IF(L97="Gold",0.5,IF(L97="Platinum",1,IF(L97="Diamond",10,IF(ISNUMBER(FIND("×",L97)),VALUE(LEFT(L97,FIND("×",L97)-1)),0))))) -> 0 | N97: https://en.wikipedia.org/wiki/Eurythmics_discography
A98: E137 | B98: Eurythmics | C98: We Too Are One | D98: 1989-09-11 | E98: =VALUE(LEFT(D98,4)) -> 1989 | F98: =IF(LEN(D98)=10,DATE(VALUE(LEFT(D98,4)),VALUE(MID(D98,6,2)),VALUE(RIGHT(D98,2))),IF(LEN(D98)=7,DATE(VALUE(LEFT(D98,4)),VALUE(MID(D98,6,2)),15),DATE(VALUE(LEFT(D98,4)),7,1))) -> 32762 | G98: =INDEX(Acts!$D:$D,MATCH(B98,Acts!$B:$B,0)) -> 30740 | H98: =IF(F98>G98,"yes","no") -> yes | I98: yes | J98: 34 | K98: =IF(J98="","no","yes") -> yes | M98: =IF(L98="",0,IF(L98="Gold",0.5,IF(L98="Platinum",1,IF(L98="Diamond",10,IF(ISNUMBER(FIND("×",L98)),VALUE(LEFT(L98,FIND("×",L98)-1)),0))))) -> 0 | N98: https://en.wikipedia.org/wiki/Eurythmics_discography
A99: E140 | B99: Eurythmics | C99: Peace | D99: 1999-10-18 | E99: =VALUE(LEFT(D99,4)) -> 1999 | F99: =IF(LEN(D99)=10,DATE(VALUE(LEFT(D99,4)),VALUE(MID(D99,6,2)),VALUE(RIGHT(D99,2))),IF(LEN(D99)=7,DATE(VALUE(LEFT(D99,4)),VALUE(MID(D99,6,2)),15),DATE(VALUE(LEFT(D99,4)),7,1))) -> 36451 | G99: =INDEX(Acts!$D:$D,MATCH(B99,Acts!$B:$B,0)) -> 30740 | H99: =IF(F99>G99,"yes","no") -> yes | I99: yes | J99: 25 | K99: =IF(J99="","no","yes") -> yes | L99: Gold | M99: =IF(L99="",0,IF(L99="Gold",0.5,IF(L99="Platinum",1,IF(L99="Diamond",10,IF(ISNUMBER(FIND("×",L99)),VALUE(LEFT(L99,FIND("×",L99)-1)),0))))) -> 0.5 | N99: https://en.wikipedia.org/wiki/Eurythmics_discography
A100: E141 | B100: Frankie Goes to Hollywood | C100: Welcome to the Pleasuredome | D100: 1984-10-29 | E100: =VALUE(LEFT(D100,4)) -> 1984 | F100: =IF(LEN(D100)=10,DATE(VALUE(LEFT(D100,4)),VALUE(MID(D100,6,2)),VALUE(RIGHT(D100,2))),IF(LEN(D100)=7,DATE(VALUE(LEFT(D100,4)),VALUE(MID(D100,6,2)),15),DATE(VALUE(LEFT(D100,4)),7,1))) -> 30984 | G100: =INDEX(Acts!$D:$D,MATCH(B100,Acts!$B:$B,0)) -> 31104 | H100: =IF(F100>G100,"yes","no") -> no | I100: yes | J100: 33 | K100: =IF(J100="","no","yes") -> yes | L100: Gold | M100: =IF(L100="",0,IF(L100="Gold",0.5,IF(L100="Platinum",1,IF(L100="Diamond",10,IF(ISNUMBER(FIND("×",L100)),VALUE(LEFT(L100,FIND("×",L100)-1)),0))))) -> 0.5 | N100: https://en.wikipedia.org/wiki/Frankie_Goes_to_Hollywood_discography
...

Sheet Grammy nominations
A1: Act | B1: Ceremony year | C1: Category | D1: Work | E1: Result | F1: Timing | G1: Source
A2: Asia | B2: 1983 | C2: Best Rock Performance By A Duo Or Group With Vocal | D2: Asia | E2: nominated | F2: =IF(B2>YEAR(INDEX(Acts!$D:$D,MATCH(A2,Acts!$B:$B,0))),"later",IF(B2=YEAR(INDEX(Acts!$D:$D,MATCH(A2,Acts!$B:$B,0))),"same ceremony","earlier")) -> same ceremony | G2: https://www.grammy.com/artists/asia/8282
A3: Big Country | B3: 1984 | C3: Best Rock Performance By A Duo Or Group With Vocal | D3: In A Big Country | E3: nominated | F3: =IF(B3>YEAR(INDEX(Acts!$D:$D,MATCH(A3,Acts!$B:$B,0))),"later",IF(B3=YEAR(INDEX(Acts!$D:$D,MATCH(A3,Acts!$B:$B,0))),"same ceremony","earlier")) -> same ceremony | G3: https://grammy.com/artists/big-country/7130
A4: Bruce Hornsby and the Range | B4: 1991 | C4: Best Pop Performance By A Duo Or Group With Vocal | D4: Across The River | E4: nominated | F4: =IF(B4>YEAR(INDEX(Acts!$D:$D,MATCH(A4,Acts!$B:$B,0))),"later",IF(B4=YEAR(INDEX(Acts!$D:$D,MATCH(A4,Acts!$B:$B,0))),"same ceremony","earlier")) -> later | G4: https://www.grammy.com/artists/bruce-hornsby-and-range/8413
A5: Christopher Cross | B5: 1981 | C5: Album Of The Year | D5: Christopher Cross | E5: won | F5: =IF(B5>YEAR(INDEX(Acts!$D:$D,MATCH(A5,Acts!$B:$B,0))),"later",IF(B5=YEAR(INDEX(Acts!$D:$D,MATCH(A5,Acts!$B:$B,0))),"same ceremony","earlier")) -> same ceremony | G5: https://grammy.com/artists/christopher-cross/1933
A6: Christopher Cross | B6: 1981 | C6: Best Pop Vocal Performance, Male | D6: Christopher Cross | E6: nominated | F6: =IF(B6>YEAR(INDEX(Acts!$D:$D,MATCH(A6,Acts!$B:$B,0))),"later",IF(B6=YEAR(INDEX(Acts!$D:$D,MATCH(A6,Acts!$B:$B,0))),"same ceremony","earlier")) -> same ceremony | G6: https://grammy.com/artists/christopher-cross/1933
A7: Christopher Cross | B7: 1981 | C7: Record Of The Year | D7: Sailing | E7: won | F7: =IF(B7>YEAR(INDEX(Acts!$D:$D,MATCH(A7,Acts!$B:$B,0))),"later",IF(B7=YEAR(INDEX(Acts!$D:$D,MATCH(A7,Acts!$B:$B,0))),"same ceremony","earlier")) -> same ceremony | G7: https://grammy.com/artists/christopher-cross/1933
A8: Christopher Cross | B8: 1981 | C8: Song Of The Year | D8: Sailing | E8: won | F8: =IF(B8>YEAR(INDEX(Acts!$D:$D,MATCH(A8,Acts!$B:$B,0))),"later",IF(B8=YEAR(INDEX(Acts!$D:$D,MATCH(A8,Acts!$B:$B,0))),"same ceremony","earlier")) -> same ceremony | G8: https://grammy.com/artists/christopher-cross/1933
A9: Christopher Cross | B9: 1981 | C9: Best Arrangement Accompanying Vocalist(s) | D9: Sailing | E9: won | F9: =IF(B9>YEAR(INDEX(Acts!$D:$D,MATCH(A9,Acts!$B:$B,0))),"later",IF(B9=YEAR(INDEX(Acts!$D:$D,MATCH(A9,Acts!$B:$B,0))),"same ceremony","earlier")) -> same ceremony | G9: https://grammy.com/artists/christopher-cross/1933
A10: Christopher Cross | B10: 1982 | C10: Best Pop Vocal Performance, Male | D10: Arthur's Theme (Best That You Can Do) | E10: nominated | F10: =IF(B10>YEAR(INDEX(Acts!$D:$D,MATCH(A10,Acts!$B:$B,0))),"later",IF(B10=YEAR(INDEX(Acts!$D:$D,MATCH(A10,Acts!$B:$B,0))),"same ceremony","earlier")) -> later | G10: https://grammy.com/artists/christopher-cross/1933
A11: Christopher Cross | B11: 1982 | C11: Record Of The Year | D11: Arthur's Theme (Best That You Can Do) | E11: nominated | F11: =IF(B11>YEAR(INDEX(Acts!$D:$D,MATCH(A11,Acts!$B:$B,0))),"later",IF(B11=YEAR(INDEX(Acts!$D:$D,MATCH(A11,Acts!$B:$B,0))),"same ceremony","earlier")) -> later | G11: https://grammy.com/artists/christopher-cross/1933
A12: Christopher Cross | B12: 1982 | C12: Song Of The Year | D12: Arthur's Theme (Best That You Can Do) | E12: nominated | F12: =IF(B12>YEAR(INDEX(Acts!$D:$D,MATCH(A12,Acts!$B:$B,0))),"later",IF(B12=YEAR(INDEX(Acts!$D:$D,MATCH(A12,Acts!$B:$B,0))),"same ceremony","earlier")) -> later | G12: https://grammy.com/artists/christopher-cross/1933
A13: Culture Club | B13: 1984 | C13: Best Pop Performance By A Duo Or Group With Vocal | D13: Do You Really Want To Hurt Me | E13: nominated | F13: =IF(B13>YEAR(INDEX(Acts!$D:$D,MATCH(A13,Acts!$B:$B,0))),"later",IF(B13=YEAR(INDEX(Acts!$D:$D,MATCH(A13,Acts!$B:$B,0))),"same ceremony","earlier")) -> same ceremony | G13: https://www.grammy.com/artists/culture-club/14677/
... A189: Vanessa Williams | B189: 1998 | C189: Best Pop/Contemporary Gospel Album | D189: Star Bright | E189: nominated | F189: =IF(B189>YEAR(INDEX(Acts!$D:$D,MATCH(A189,Acts!$B:$B,0))),"later",IF(B189=YEAR(INDEX(Acts!$D:$D,MATCH(A189,Acts!$B:$B,0))),"same ceremony","earlier")) -> later | G189: https://www.grammy.com/artists/vanessa-williams/7916/

Sheet Breaks
A1: Act | B1: Breakup | C1: Breakup year | D1: Reunion | E1: Reunion year | F1: First album year | G1: Last album year | H1: Years out counted
A2: a-ha | B2: 1994 | C2: =VALUE(LEFT(B2,4)) -> 1994 | D2: 1998-12-11 | E2: =VALUE(LEFT(D2,4)) -> 1998 | F2: =INDEX(Acts!$L:$L,MATCH(A2,Acts!$B:$B,0)) -> 1985 | G2: =INDEX(Acts!$M:$M,MATCH(A2,Acts!$B:$B,0)) -> 2022 | H2: =IF(AND(ISNUMBER(F2),C2>=F2,E2<=G2),MAX(0,E2-C2-1),0) -> 3
A3: a-ha | B3: 2009-10-15 | C3: =VALUE(LEFT(B3,4)) -> 2009 | D3: 2015 | E3: =VALUE(LEFT(D3,4)) -> 2015 | F3: =INDEX(Acts!$L:$L,MATCH(A3,Acts!$B:$B,0)) -> 1985 | G3: =INDEX(Acts!$M:$M,MATCH(A3,Acts!$B:$B,0)) -> 2022 | H3: =IF(AND(ISNUMBER(F3),C3>=F3,E3<=G3),MAX(0,E3-C3-1),0) -> 5
A4: Asia | B4: 1986 | C4: =VALUE(LEFT(B4,4)) -> 1986 | D4: 1989 | E4: =VALUE(LEFT(D4,4)) -> 1989 | F4: =INDEX(Acts!$L:$L,MATCH(A4,Acts!$B:$B,0)) -> 1982 | G4: =INDEX(Acts!$M:$M,MATCH(A4,Acts!$B:$B,0)) -> 2014 | H4: =IF(AND(ISNUMBER(F4),C4>=F4,E4<=G4),MAX(0,E4-C4-1),0) -> 2
A5: Big Country | B5: 2000-10 | C5: =VALUE(LEFT(B5,4)) -> 2000 | D5: 2007 | E5: =VALUE(LEFT(D5,4)) -> 2007 | F5: =INDEX(Acts!$L:$L,MATCH(A5,Acts!$B:$B,0)) -> 1983 | G5: =INDEX(Acts!$M:$M,MATCH(A5,Acts!$B:$B,0)) -> 2013 | H5: =IF(AND(ISNUMBER(F5),C5>=F5,E5<=G5),MAX(0,E5-C5-1),0) -> 6
A6: Big Country | B6: 2007 | C6: =VALUE(LEFT(B6,4)) -> 2007 | D6: 2010-12 | E6: =VALUE(LEFT(D6,4)) -> 2010 | F6: =INDEX(Acts!$L:$L,MATCH(A6,Acts!$B:$B,0)) -> 1983 | G6: =INDEX(Acts!$M:$M,MATCH(A6,Acts!$B:$B,0)) -> 2013 | H6: =IF(AND(ISNUMBER(F6),C6>=F6,E6<=G6),MAX(0,E6-C6-1),0) -> 2
A7: Breakfast Club | B7: 1988 | C7: =VALUE(LEFT(B7,4)) -> 1988 | D7: 2022-04-06 | E7: =VALUE(LEFT(D7,4)) -> 2022 | F7: =INDEX(Acts!$L:$L,MATCH(A7,Acts!$B:$B,0)) -> 1987 | G7: =INDEX(Acts!$M:$M,MATCH(A7,Acts!$B:$B,0)) -> 1987 | H7: =IF(AND(ISNUMBER(F7),C7>=F7,E7<=G7),MAX(0,E7-C7-1),0) -> 0
A8: Culture Club | B8: 1986 | C8: =VALUE(LEFT(B8,4)) -> 1986 | D8: 1998 | E8: =VALUE(LEFT(D8,4)) -> 1998 | F8: =INDEX(Acts!$L:$L,MATCH(A8,Acts!$B:$B,0)) -> 1982 | G8: =INDEX(Acts!$M:$M,MATCH(A8,Acts!$B:$B,0)) -> 2018 | H8: =IF(AND(ISNUMBER(F8),C8>=F8,E8<=G8),MAX(0,E8-C8-1),0) -> 11
A9: Culture Club | B9: 2002 | C9: =VALUE(LEFT(B9,4)) -> 2002 | D9: 2014 | E9: =VALUE(LEFT(D9,4)) -> 2014 | F9: =INDEX(Acts!$L:$L,MATCH(A9,Acts!$B:$B,0)) -> 1982 | G9: =INDEX(Acts!$M:$M,MATCH(A9,Acts!$B:$B,0)) -> 2018 | H9: =IF(AND(ISNUMBER(F9),C9>=F9,E9<=G9),MAX(0,E9-C9-1),0) -> 11
A10: Dire Straits | B10: 1988-09 | C10: =VALUE(LEFT(B10,4)) -> 1988 | D10: 1991-08-19 | E10: =VALUE(LEFT(D10,4)) -> 1991 | F10: =INDEX(Acts!$L:$L,MATCH(A10,Acts!$B:$B,0)) -> 1978 | G10: =INDEX(Acts!$M:$M,MATCH(A10,Acts!$B:$B,0)) -> 1991 | H10: =IF(AND(ISNUMBER(F10),C10>=F10,E10<=G10),MAX(0,E10-C10-1),0) -> 2
A11: Eurythmics | B11: 1990 | C11: =VALUE(LEFT(B11,4)) -> 1990 | D11: 1999 | E11: =VALUE(LEFT(D11,4)) -> 1999 | F11: =INDEX(Acts!$L:$L,MATCH(A11,Acts!$B:$B,0)) -> 1981 | G11: =INDEX(Acts!$M:$M,MATCH(A11,Acts!$B:$B,0)) -> 1999 | H11: =IF(AND(ISNUMBER(F11),C11>=F11,E11<=G11),MAX(0,E11-C11-1),0) -> 8
A12: Frankie Goes to Hollywood | B12: 1987 | C12: =VALUE(LEFT(B12,4)) -> 1987 | D12: 2004-11-11 | E12: =VALUE(LEFT(D12,4)) -> 2004 | F12: =INDEX(Acts!$L:$L,MATCH(A12,Acts!$B:$B,0)) -> 1984 | G12: =INDEX(Acts!$M:$M,MATCH(A12,Acts!$B:$B,0)) -> 1986 | H12: =IF(AND(ISNUMBER(F12),C12>=F12,E12<=G12),MAX(0,E12-C12-1),0) -> 0
A13: Glass Tiger | B13: 1993 | C13: =VALUE(LEFT(B13,4)) -> 1993 | D13: 2003 | E13: =VALUE(LEFT(D13,4)) -> 2003 | F13: =INDEX(Acts!$L:$L,MATCH(A13,Acts!$B:$B,0)) -> 1986 | G13: =INDEX(Acts!$M:$M,MATCH(A13,Acts!$B:$B,0)) -> 2020 | H13: =IF(AND(ISNUMBER(F13),C13>=F13,E13<=G13),MAX(0,E13-C13-1),0) -> 9
... A31: Stray Cats | B31: 2008 | C31: =VALUE(LEFT(B31,4)) -> 2008 | D31: 2018 | E31: =VALUE(LEFT(D31,4)) -> 2018 | F31: =INDEX(Acts!$L:$L,MATCH(A31,Acts!$B:$B,0)) -> 1981 | G31: =INDEX(Acts!$M:$M,MATCH(A31,Acts!$B:$B,0)) -> 2019 | H31: =IF(AND(ISNUMBER(F31),C31>=F31,E31<=G31),MAX(0,E31-C31-1),0) -> 9
